orderID,customerID,customerFirstName,customerLastName,productID,productName,qty,totalPrice,dateofOrder,status,address
1,700,Page,Foskett,798,lectus,8,4168.0,2022-04-29 02:07:33,Delivered,252 Dakota Plaza
2,561,Faye,Delamar,675,sit,2,1050.0,2021-12-18 15:03:30,Delivered,1 Duke Park
3,657,Nannette,Mussettini,111,ipsum,3,303.0,2021-11-02 07:44:06,Delivered,81 Meadow Valley Way
4,260,Dinnie,Waddicor,248,leo rhoncus,9,4419.0,2021-12-27 00:33:43,Delivered,289 Reindahl Terrace
5,820,Ring,Youthed,402,feugiat non pretium,2,1548.0,2022-04-11 02:26:28,Delivered,67336 Evergreen Park
6,603,Werner,Onthank,64,proin interdum mauris,5,1350.0,2022-03-10 07:21:59,Delivered,710 Springs Crossing
7,918,Duncan,Cornillot,429,ullamcorper,4,2012.0,2022-03-14 11:23:24,Delivered,55092 6th Terrace
8,423,Terrill,Doog,265,duis at,1,313.0,2022-03-07 08:25:59,Pending,4233 Luster Junction
9,537,Paulette,Maro,943,mauris non ligula,9,1332.0,2021-11-25 20:32:58,Delivered,846 Riverside Pass
10,507,Delmer,Mundford,495,rutrum,4,420.0,2021-08-11 18:28:42,Delivered,86292 Southridge Park
11,502,Lindy,Varley,75,cursus urna ut,2,1736.0,2021-12-23 05:38:23,Delivered,2532 Bultman Point
12,696,Stuart,Rhymes,46,aliquam convallis nunc,7,6965.0,2022-06-17 23:43:06,Delivered,9548 Buena Vista Lane
13,812,Daniela,Brough,261,pulvinar,9,5940.0,2022-01-20 23:51:52,Unshipped,88155 Hollow Ridge Avenue
14,312,Kiele,Brodhead,577,erat curabitur gravida,6,2634.0,2021-07-16 07:34:50,Unshipped,29 Nevada Center
15,484,Timmi,Dorgon,690,venenatis,2,1298.0,2022-07-07 17:25:34,Pending,2 Nelson Plaza
16,811,Willey,Ring,854,ac leo pellentesque,2,1164.0,2022-04-15 15:20:37,Delivered,6 Bay Circle
17,781,Woodman,Hitzke,978,magna bibendum,4,2896.0,2021-06-03 12:04:29,Pre-Shipment,1 Eagan Parkway
18,398,Andrus,Carlett,963,dapibus at diam,1,604.0,2021-08-10 12:38:55,Delivered,352 Forest Dale Road
19,242,Felicle,Hulle,728,cubilia curae,5,3615.0,2021-10-04 11:46:12,Delivered,8705 Oak Trail
20,709,Sandy,Maass,905,urna,2,1076.0,2021-12-02 11:58:51,Pending,667 Novick Place
21,284,Illa,Fucher,667,nisl venenatis lacinia,9,7785.0,2022-04-11 10:29:57,Delivered,6 Hintze Junction
22,413,Irwinn,Dadds,420,molestie nibh,2,1530.0,2021-10-30 22:56:38,Delivered,21605 Hovde Center
23,339,Daryl,Baber,930,posuere,6,4536.0,2021-06-07 12:27:06,Delivered,53992 Farmco Alley
24,58,Crosby,Coldbath,410,a odio in,3,2751.0,2022-02-20 08:17:59,Pending,58318 Macpherson Circle
25,952,Cayla,Hannant,306,dapibus nulla suscipit,2,998.0,2022-06-02 17:28:53,Delivered,805 Oak Circle
26,543,Emelyne,Palke,870,velit,1,397.0,2022-04-17 17:37:27,Delivered,384 Morningstar Street
27,432,Malory,Lawrenz,281,sit amet sapien,10,2560.0,2022-02-06 19:44:07,Pre-Shipment,3075 Burrows Lane
28,395,Mikaela,McCumesky,958,ultrices,7,6972.0,2022-02-24 15:11:52,Delivered,058 Hudson Way
29,618,Grange,O'Cosgra,337,ipsum,8,2256.0,2022-05-19 15:30:49,Delivered,69 Dapin Drive
30,200,Antonetta,Loukes,398,tincidunt eget tempus,7,749.0,2022-06-01 23:42:55,Delivered,567 Golf Course Trail
31,640,Karlyn,Shearmer,999,consequat dui nec,10,6200.0,2021-08-28 03:05:10,Pre-Shipment,5 Rockefeller Circle
32,650,Pail,Gookey,911,at turpis a,3,2193.0,2021-12-29 00:40:33,Delivered,600 Ridgeway Circle
33,598,Rodrique,Vinau,876,quisque porta,5,4860.0,2021-09-20 17:46:29,Delivered,7422 Iowa Drive
34,896,Garrot,McKinnon,230,donec odio,5,910.0,2021-11-02 14:39:17,Delivered,522 Veith Alley
35,491,Nessa,Testro,269,magna bibendum,8,2848.0,2021-09-23 00:25:18,Pending,132 Mayfield Street
36,768,Tate,Whoolehan,893,nam,8,5296.0,2021-06-05 14:01:04,Unshipped,79219 Knutson Road
37,609,Lacy,Sebire,195,bibendum morbi non,10,1580.0,2021-08-07 20:47:39,Delivered,8 Jenna Road
38,412,Abbot,Haberfield,839,nulla ultrices,7,2037.0,2021-12-22 12:45:06,Delivered,9 Hagan Park
39,328,Rutledge,Guyonneau,849,vestibulum aliquet,7,6321.0,2021-10-12 09:35:47,Unshipped,83 Derek Hill
40,403,Augie,Melloy,596,luctus,6,1644.0,2021-08-18 07:26:06,Pending,3 Susan Drive
41,757,Otes,Tottie,807,est lacinia,10,9950.0,2021-12-25 13:59:15,Delivered,53889 Main Circle
42,651,Pegeen,Turk,847,vel est,6,1194.0,2022-03-14 14:57:20,Delivered,82625 Schlimgen Avenue
43,970,Joyan,Birkin,262,auctor gravida sem,3,2769.0,2022-05-05 05:01:25,Delivered,1908 Manley Point
44,719,Ellen,Gadsden,377,parturient montes nascetur,8,3104.0,2022-04-03 10:07:59,Pre-Shipment,598 Welch Hill
45,513,Eunice,Sangra,405,id ligula,1,951.0,2022-03-11 19:50:14,Pre-Shipment,3 Russell Lane
46,972,Joceline,Triswell,717,est,10,1160.0,2022-05-20 23:32:37,Delivered,0 Dennis Circle
47,464,Alexandr,Peddersen,33,posuere,7,3276.0,2021-12-25 04:33:00,Delivered,5407 Burrows Trail
48,796,Trever,Dowdam,795,non,9,8055.0,2022-02-08 03:16:20,Delivered,4 Eagan Terrace
49,10,Diandra,Howells,403,dui vel nisl,1,976.0,2021-06-22 02:54:05,Delivered,0 Merry Street
50,562,Rand,Janowski,199,dapibus,7,3038.0,2021-10-30 00:37:07,Delivered,21 Northport Terrace
51,908,Phil,Mardle,398,tincidunt eget tempus,5,820.0,2021-11-11 01:29:04,Pending,1229 Harbort Junction
52,531,Dulce,Bembridge,125,turpis adipiscing lorem,4,2436.0,2021-08-21 14:39:55,Delivered,8 Acker Parkway
53,364,Ruperto,Isacq,846,pede posuere,10,5370.0,2021-11-14 03:47:48,Delivered,4 Moland Drive
54,373,Rosalinde,Roy,458,lorem quisque ut,2,938.0,2021-09-11 20:04:12,Delivered,0527 Montana Center
55,827,Inez,Bonevant,262,auctor gravida sem,7,6377.0,2021-06-23 03:59:44,Delivered,677 Browning Road
56,119,Peyton,Bras,293,suspendisse ornare consequat,10,5750.0,2021-09-20 02:38:38,Pending,998 Eggendart Center
57,417,Conrado,De Haven,256,pellentesque eget,2,1314.0,2021-12-19 12:02:17,Delivered,566 Dawn Junction
58,866,Ronna,Keyme,405,id ligula,2,1396.0,2022-03-16 12:26:54,Delivered,35212 Dovetail Center
59,178,Lu,Bertl,346,congue eget,7,1533.0,2021-12-09 01:30:21,Delivered,4960 Hovde Terrace
60,225,Renaldo,Kleint,54,vitae nisl,4,2888.0,2021-07-07 12:19:36,Delivered,92 Troy Way
61,956,Vail,Brettor,143,tellus nisi,8,5200.0,2022-01-08 13:53:55,Delivered,0 Lillian Lane
62,962,Archibald,Abrahams,397,montes nascetur ridiculus,9,4905.0,2022-06-14 22:24:44,Delivered,75 Ilene Court
63,524,Vail,Baugh,875,proin eu,3,525.0,2021-08-08 17:18:36,Delivered,005 Darwin Parkway
64,130,Tiebout,Baser,918,ultrices mattis odio,4,1028.0,2022-06-25 19:18:13,Pre-Shipment,79 Sloan Avenue
65,723,Travus,Berrill,305,primis in faucibus,1,312.0,2021-08-03 04:04:37,Pre-Shipment,28341 Fairview Avenue
66,559,Ransell,Buye,155,et magnis,4,1660.0,2022-05-16 02:15:13,Cancelled,78 Butternut Hill
67,295,Vidovic,Roscher,687,eget eleifend luctus,9,3447.0,2022-04-19 20:08:56,Pre-Shipment,933 Artisan Center
68,318,Blakelee,Halkyard,961,nibh quisque,9,8766.0,2021-08-11 01:58:13,Delivered,83142 Ruskin Circle
69,316,Eryn,Canby,754,suspendisse ornare,8,4448.0,2021-12-02 20:48:52,Delivered,645 Marquette Lane
70,687,Enrica,Vaun,330,pede morbi porttitor,9,5940.0,2021-12-07 20:59:07,Unshipped,9392 Little Fleur Park
71,825,Wald,D'Acth,264,pulvinar lobortis,6,4656.0,2022-03-19 12:31:27,Delivered,35163 Clyde Gallagher Plaza
72,459,Fey,McTague,455,diam,2,860.0,2021-10-02 05:56:42,Delivered,172 Susan Place
73,288,Cristian,Paolini,609,ut at dolor,1,212.0,2021-10-31 06:09:38,Pending,995 Susan Pass
74,915,Ruthi,Swyre,625,mi pede,7,6321.0,2021-06-01 02:10:56,Delivered,96952 Gulseth Point
75,961,Dorisa,Leyton,77,at,7,4053.0,2022-02-23 22:05:46,Pre-Shipment,8 Roth Street
76,94,Allegra,Friend,903,aliquet,10,5020.0,2022-04-28 05:56:38,Delivered,5 Lillian Center
77,854,Franchot,Tugman,218,lectus aliquam,9,4221.0,2021-11-28 02:43:06,Pre-Shipment,911 Golf Drive
78,212,Paolina,Camfield,278,dapibus augue,8,7360.0,2021-11-13 13:13:56,Unshipped,00 Clemons Terrace
79,431,Demetria,Karlowicz,344,lorem vitae,5,3370.0,2021-07-11 05:29:31,Delivered,2686 Roxbury Crossing
80,635,Maurine,Hamshaw,697,consequat,7,4620.0,2022-04-15 18:43:00,Delivered,8 Warbler Drive
81,917,Jillene,Alfuso,283,accumsan,6,4278.0,2022-06-17 20:17:27,Delivered,8 Kingsford Drive
82,354,Dunc,Mouat,636,hac,2,1024.0,2022-06-24 01:59:28,Delivered,874 Pepper Wood Center
83,848,Honor,Peschka,833,a,9,7542.0,2022-01-20 03:45:31,Pre-Shipment,3 Fieldstone Street
84,315,Kyrstin,Fullylove,957,pretium,4,3332.0,2021-10-26 14:12:03,Pre-Shipment,46438 Lakewood Gardens Plaza
85,424,Beth,Wythill,787,sed,6,1584.0,2022-07-02 04:29:43,Cancelled,25 Mendota Lane
86,607,Ashleigh,Maxted,498,integer ac leo,8,4464.0,2022-07-12 05:24:19,Delivered,8794 Melrose Road
87,850,Craggie,Pablos,124,molestie,6,1944.0,2021-09-24 04:16:11,Unshipped,45 Riverside Hill
88,853,Joyan,Bramwich,927,parturient montes nascetur,6,3876.0,2021-08-07 12:07:45,Pre-Shipment,0 Badeau Drive
89,271,Ezri,Di Antonio,793,feugiat non pretium,4,2568.0,2021-07-14 00:27:57,Delivered,18 Montana Point
90,452,Nealson,Morton,78,orci luctus,10,9070.0,2021-09-01 01:52:09,Delivered,60 Commercial Alley
91,73,Bronnie,Proske,58,vitae nisi,1,124.0,2022-01-16 05:36:22,Delivered,18 Linden Alley
92,34,Titus,Gourlie,18,nec,7,6545.0,2022-03-10 17:49:51,Pre-Shipment,2512 Hazelcrest Street
93,558,Heath,Kuller,805,nibh in hac,7,3227.0,2022-05-23 22:20:02,Pre-Shipment,00857 Loeprich Avenue
94,235,Wyatt,MacSharry,360,lorem quisque,5,4015.0,2022-01-06 02:58:02,Delivered,5966 Village Junction
95,223,Ignatius,Thomas,17,sit amet sem,5,3420.0,2022-03-22 19:14:40,Delivered,03611 Oxford Crossing
96,967,Bobbie,Hapgood,274,et ultrices,6,4080.0,2021-09-07 16:33:01,Delivered,72 Village Green Pass
97,153,Schuyler,Zanicchelli,587,dui,6,3468.0,2022-01-06 06:45:05,Unshipped,8 Anthes Drive
98,834,Sheilakathryn,Newlands,694,enim blandit mi,4,3328.0,2021-06-23 16:00:42,Delivered,4003 East Drive
99,351,Barry,Hoyland,703,vestibulum velit,1,805.0,2021-06-23 15:29:06,Pending,892 Victoria Place
100,267,Sari,Acheson,593,quis,4,2000.0,2022-06-08 14:52:09,Delivered,1 Lakeland Hill
101,379,Vallie,Le Grys,216,cubilia curae,5,3275.0,2021-08-18 08:31:00,Pending,57093 Holmberg Park
102,991,Siobhan,Pygott,9,erat volutpat in,10,7020.0,2021-10-29 12:40:45,Delivered,2 Cody Place
103,976,Theo,Scholtis,912,iaculis congue,5,1495.0,2022-02-06 01:12:13,Delivered,20290 Pepper Wood Alley
104,371,Imelda,Billington,26,duis faucibus accumsan,4,2512.0,2022-02-17 18:46:50,Delivered,13854 Marquette Lane
105,30,Melesa,Eburne,482,proin at turpis,9,5391.0,2022-07-06 11:29:45,Pending,7396 Kings Street
106,562,Rand,Janowski,68,magnis dis parturient,7,1099.0,2021-09-11 03:06:23,Delivered,21 Northport Terrace
107,761,Othella,Legate,544,nec nisi vulputate,10,7970.0,2022-01-03 14:43:09,Delivered,61 Bunker Hill Alley
108,863,Virge,Dallosso,657,odio justo sollicitudin,10,3930.0,2021-08-19 17:36:06,Unshipped,49 Rutledge Alley
109,754,Murdock,Baldassi,211,ut mauris,8,5184.0,2021-06-25 04:21:09,Pre-Shipment,49847 Russell Place
110,202,Kerwinn,Matysiak,464,ante ipsum primis,3,2976.0,2022-04-05 05:40:11,Delivered,1320 Service Crossing
111,496,Carlyle,De Filippo,818,in eleifend quam,2,330.0,2021-09-21 00:27:43,Pending,09353 Thierer Pass
112,86,Lezlie,Labrum,463,mauris eget massa,5,4505.0,2022-06-14 00:42:23,Pre-Shipment,25 Bayside Street
113,396,Venus,De Bernardi,279,et magnis,1,804.0,2022-01-23 11:30:16,Delivered,17241 Eagan Trail
114,244,Christean,Spoole,347,turpis adipiscing,5,1715.0,2021-10-06 03:36:51,Delivered,2 Arapahoe Terrace
115,647,Rhona,Lownsbrough,446,turpis enim,10,4440.0,2021-10-28 12:28:34,Delivered,329 New Castle Way
116,19,Leonanie,Orviss,995,odio cras,6,3216.0,2022-04-30 13:18:57,Delivered,8 Anniversary Alley
117,801,Paddie,Cuddihy,529,potenti,8,3552.0,2022-04-03 21:38:52,Unshipped,5981 Southridge Park
118,561,Faye,Delamar,242,nisl duis,3,2706.0,2022-04-14 22:14:00,Pending,1 Duke Park
119,455,Mimi,Sketchley,624,lacus,4,2476.0,2021-06-23 01:25:00,Delivered,121 Russell Alley
120,191,Beaufort,Scarrisbrick,67,duis,4,2768.0,2021-09-18 01:35:13,Delivered,46 Dexter Trail
121,483,Simon,Wheatley,427,in lacus,10,9700.0,2022-02-05 08:47:00,Delivered,49 Fisk Junction
122,186,Luca,Claire,626,habitasse,2,1566.0,2022-06-02 00:27:52,Delivered,31864 Farwell Drive
123,656,Odella,Baudinet,328,mi nulla,2,1310.0,2022-06-27 00:28:44,Cancelled,10019 Porter Pass
124,681,Brenna,Yeudall,853,tincidunt lacus,5,3825.0,2022-02-18 16:35:52,Delivered,5766 Petterle Lane
125,888,Addie,Feehan,524,odio consequat varius,7,959.0,2021-08-29 08:26:06,Unshipped,1 Westridge Alley
126,110,Kira,Ashpital,702,in faucibus,5,2150.0,2021-12-20 05:37:15,Delivered,186 Heffernan Circle
127,332,Jessie,Butland,340,lacus purus,7,3885.0,2021-09-26 19:05:59,Unshipped,2647 Shasta Road
128,921,Joanie,Hurley,661,magna ac consequat,5,3680.0,2022-05-31 03:26:01,Delivered,9 Vahlen Hill
129,259,Jonah,Brotherhed,951,vestibulum proin,1,534.0,2021-09-02 08:37:43,Pre-Shipment,8 Orin Circle
130,762,Ingra,Broughton,756,sapien,3,1755.0,2022-06-09 18:55:37,Pre-Shipment,6428 Florence Terrace
131,869,Kris,Galsworthy,589,non velit nec,10,6520.0,2021-11-17 17:01:59,Delivered,749 Arkansas Hill
132,450,Karmen,Ganforth,32,lobortis est phasellus,8,2808.0,2022-05-16 23:18:01,Delivered,150 Fordem Pass
133,406,Hal,Stollsteimer,399,mus vivamus vestibulum,6,2100.0,2021-09-23 05:13:52,Delivered,222 Oneill Court
134,910,Gustaf,Pogg,714,tristique,1,292.0,2021-12-21 13:20:36,Delivered,33111 Lakeland Junction
135,513,Eunice,Sangra,953,eget orci,7,4438.0,2021-07-03 21:03:10,Delivered,3 Russell Lane
136,378,Charley,Lucy,19,venenatis,10,7750.0,2022-07-12 03:00:52,Unshipped,276 Declaration Lane
137,790,Minni,Waldram,808,vitae nisi,1,241.0,2022-01-03 16:17:35,Unshipped,110 Elka Pass
138,913,Lewie,Hearl,651,dui,1,704.0,2022-01-21 19:15:35,Pre-Shipment,24834 Browning Hill
139,29,Aleksandr,Sprasen,371,in eleifend quam,5,1520.0,2022-04-09 18:29:34,Unshipped,186 David Alley
140,263,Dyana,Normavill,553,ac enim,3,2232.0,2021-10-24 10:34:31,Pre-Shipment,32 Bellgrove Park
141,850,Craggie,Pablos,408,vivamus in felis,4,2552.0,2022-02-12 11:52:01,Unshipped,45 Riverside Hill
142,724,Chelsy,Pighills,512,praesent,7,4452.0,2022-04-04 04:17:12,Delivered,7200 Hermina Park
143,543,Emelyne,Palke,632,nulla tellus in,5,2880.0,2021-10-04 18:09:09,Pending,384 Morningstar Street
144,1,Giordano,Tippell,964,ultrices,4,420.0,2022-03-20 06:09:36,Unshipped,0 Logan Road
145,767,Catha,Derdes,650,amet nulla,9,7119.0,2022-02-26 04:47:31,Delivered,8 Corscot Junction
146,745,Joye,Muscat,281,sit amet sapien,8,7848.0,2022-05-12 20:04:31,Delivered,2 Warbler Junction
147,771,Parry,Le Leu,600,curabitur gravida,2,756.0,2022-06-12 12:07:11,Cancelled,094 Mallard Plaza
148,929,Alejandro,Wagerfield,902,orci,4,1520.0,2021-10-12 04:11:16,Unshipped,00 Maple Terrace
149,82,Timothea,Geistmann,98,sit,6,2766.0,2022-06-21 09:43:56,Unshipped,48648 Meadow Ridge Hill
150,487,Devi,Moar,546,nulla suspendisse,2,1210.0,2022-06-13 20:46:31,Delivered,0 Petterle Way
151,558,Heath,Kuller,253,augue vestibulum rutrum,3,840.0,2022-02-03 00:33:02,Delivered,00857 Loeprich Avenue
152,258,Natasha,Briztman,270,porttitor,6,1830.0,2021-10-06 08:56:42,Pre-Shipment,4 Stuart Point
153,112,Sayers,Ussher,11,posuere nonummy integer,2,1620.0,2021-07-12 09:18:47,Delivered,7 Clarendon Point
154,641,Denver,Patey,374,aliquam sit amet,5,4805.0,2022-02-17 15:52:50,Delivered,82 Stephen Street
155,857,Arty,Menier,824,a feugiat,6,5742.0,2022-05-09 16:23:23,Delivered,897 Chinook Lane
156,409,Janene,Shilton,288,erat curabitur,4,2764.0,2022-06-21 01:22:06,Delivered,03344 Cardinal Circle
157,360,Clovis,Rowdell,155,et magnis,5,2475.0,2022-05-27 07:14:25,Delivered,547 Nelson Terrace
158,663,Deidre,Satterley,794,vivamus in,1,997.0,2022-06-07 21:53:47,Cancelled,97328 Mitchell Park
159,709,Sandy,Maass,618,leo odio porttitor,3,1983.0,2021-11-30 15:53:46,Pre-Shipment,667 Novick Place
160,643,Coreen,Brugman,869,suspendisse,2,1218.0,2021-12-04 22:35:11,Delivered,2 Norway Maple Junction
161,538,Catherine,Ambrosi,653,vitae,1,111.0,2022-06-27 23:54:12,Delivered,3073 Springs Avenue
162,486,Dyane,Fessier,452,justo aliquam,1,930.0,2022-05-03 17:25:09,Pre-Shipment,301 Southridge Crossing
163,82,Timothea,Geistmann,276,nam,4,3556.0,2022-06-10 06:57:17,Pending,48648 Meadow Ridge Hill
164,820,Ring,Youthed,102,nam tristique tortor,7,4298.0,2022-04-03 22:38:36,Delivered,67336 Evergreen Park
165,498,Broddie,Cork,732,quam a odio,4,3712.0,2022-03-30 22:25:08,Unshipped,59349 Center Park
166,448,Burlie,Linay,211,ut mauris,7,3381.0,2022-03-07 17:14:45,Cancelled,5 Northview Pass
167,95,Hieronymus,Benez,995,odio cras,6,3180.0,2022-07-07 11:45:48,Unshipped,6 Little Fleur Place
168,795,Tova,Richardes,521,magna,10,3390.0,2021-07-04 01:51:29,Delivered,04225 Norway Maple Pass
169,94,Allegra,Friend,304,faucibus,2,1692.0,2021-11-23 21:32:13,Delivered,5 Lillian Center
170,35,Flossie,Spillman,296,aenean,7,6965.0,2022-03-06 08:08:12,Delivered,7 Sunbrook Drive
171,397,Cara,Chetter,480,lacinia eget,3,1464.0,2021-12-16 20:48:02,Delivered,76561 Grim Plaza
172,438,Karolina,Giacomo,39,in,9,5841.0,2021-08-14 04:30:21,Delivered,9 Stoughton Center
173,791,Tanhya,Gillham,407,id luctus,6,4320.0,2022-04-05 19:46:00,Delivered,8151 Troy Way
174,434,Dalli,Douthwaite,651,dui,8,1576.0,2021-08-14 13:04:52,Pre-Shipment,8212 Shopko Park
175,441,Klement,Jeduch,985,amet lobortis sapien,1,288.0,2022-02-14 12:32:27,Delivered,5 Reinke Way
176,546,Jannelle,Estevez,784,quam,10,9360.0,2022-02-14 15:26:05,Delivered,78 Petterle Pass
177,958,Pietra,Sharma,923,mus,7,854.0,2021-08-14 10:24:56,Delivered,59408 Ridge Oak Circle
178,693,Bordie,Petrillo,225,lorem quisque,7,1617.0,2021-07-27 08:23:54,Cancelled,25 Corry Lane
179,570,Madelene,Vallow,215,est,4,1864.0,2022-03-06 11:25:28,Unshipped,167 Onsgard Parkway
180,848,Honor,Peschka,290,ac diam cras,6,4290.0,2022-06-10 11:37:00,Pre-Shipment,3 Fieldstone Street
181,644,Douglass,Diben,23,nam,9,1080.0,2021-08-31 08:36:38,Cancelled,97 Pond Center
182,302,Katrina,Tindall,621,pharetra magna,10,2100.0,2021-09-27 17:20:40,Delivered,71 Stoughton Drive
183,310,Gilburt,Moland,107,turpis donec posuere,10,2120.0,2021-09-01 01:45:26,Delivered,03 Hermina Junction
184,661,Lilllie,Frunks,297,pellentesque,3,1230.0,2022-03-31 06:04:23,Delivered,7186 Forest Run Pass
185,868,Rance,Foulger,327,odio,2,1956.0,2021-07-16 02:24:05,Delivered,051 Rieder Street
186,774,Jacquenetta,Greest,213,tristique est,9,4653.0,2022-01-26 11:22:01,Pending,12 Granby Avenue
187,445,Thorny,Ridgwell,550,sapien,3,1182.0,2022-05-29 12:31:07,Delivered,34209 John Wall Parkway
188,11,Pansy,Crosetto,62,et,4,1088.0,2021-12-25 14:08:02,Pre-Shipment,40 Killdeer Avenue
189,207,Penelopa,Flay,37,condimentum,3,2718.0,2022-03-04 22:31:45,Pre-Shipment,9 Golf View Trail
190,634,Boy,Zimmermeister,50,nunc nisl,2,1916.0,2021-09-30 15:56:23,Delivered,38217 Dahle Trail
191,415,Corty,Gatman,267,odio justo sollicitudin,5,3025.0,2022-03-05 19:36:44,Delivered,830 Village Green Avenue
192,428,Gene,Studdert,129,at nulla suspendisse,9,8649.0,2022-05-30 01:24:40,Pending,3936 Eagan Plaza
193,254,Mel,Nourse,424,tempus semper,7,6867.0,2021-07-04 11:57:35,Pending,90788 Westerfield Lane
194,909,Aldous,Bowerbank,818,in eleifend quam,10,6630.0,2022-05-17 03:29:17,Pending,97029 Bluestem Drive
195,935,Dodi,Lowen,499,id justo sit,3,705.0,2021-07-24 01:16:39,Pre-Shipment,96307 Lien Point
196,554,Mort,Inglesent,286,massa id,3,2673.0,2022-04-03 03:37:28,Cancelled,5 Superior Circle
197,956,Vail,Brettor,54,vitae nisl,3,2343.0,2022-02-03 16:19:02,Delivered,0 Lillian Lane
198,241,Rakel,Edser,594,at feugiat non,8,4448.0,2022-05-21 13:07:46,Pre-Shipment,2270 Northwestern Center
199,394,Tracie,MacAree,862,ac leo,2,1264.0,2022-02-12 13:50:10,Delivered,37002 Brentwood Pass
200,698,Jocelyne,Emerine,513,sed magna,5,1445.0,2022-01-22 08:21:38,Pending,0487 Del Sol Court
201,691,Peadar,Galpin,80,aliquam non mauris,3,618.0,2022-01-13 22:22:56,Cancelled,90 Dixon Alley
202,467,Gordy,Foort,196,eget,5,2995.0,2022-03-15 08:41:14,Delivered,3 Dexter Center
203,575,Morena,Kleanthous,400,justo,7,3003.0,2021-10-08 04:33:03,Delivered,3779 Johnson Place
204,598,Rodrique,Vinau,211,ut mauris,1,435.0,2021-09-04 23:57:56,Delivered,7422 Iowa Drive
205,113,Andriana,Ende,648,amet sapien dignissim,10,4480.0,2022-04-23 05:21:44,Pending,5857 Everett Avenue
206,143,Claribel,Thurgood,189,nec,9,1278.0,2021-10-01 22:25:57,Delivered,5 Scoville Avenue
207,864,Si,Devine,357,pede posuere,5,2260.0,2021-10-16 17:22:33,Pre-Shipment,7 Rusk Pass
208,408,Jamie,Rodd,455,diam,5,865.0,2021-07-03 15:23:36,Pre-Shipment,3 Melrose Terrace
209,815,Tobe,Josifovitz,295,tincidunt in leo,2,1112.0,2021-06-21 19:12:43,Unshipped,9587 Forest Run Crossing
210,422,Bernardina,Gebbie,508,luctus tincidunt,5,2950.0,2022-03-17 06:45:48,Pending,8998 Westport Park
211,793,Jody,Erangey,844,rutrum ac lobortis,2,724.0,2021-10-02 08:33:16,Delivered,477 Cambridge Street
212,561,Faye,Delamar,583,eu nibh,8,7760.0,2022-07-10 08:26:04,Delivered,1 Duke Park
213,792,Gisella,Elliker,588,nam congue,1,596.0,2022-06-05 04:55:34,Delivered,71086 Vermont Road
214,701,Clara,Gristock,420,molestie nibh,6,5178.0,2021-09-16 20:21:27,Unshipped,703 Dahle Hill
215,282,Ianthe,Iannini,142,aliquam erat volutpat,4,452.0,2021-10-20 03:02:28,Delivered,08 Rigney Junction
216,405,Dirk,St. Aubyn,909,morbi porttitor,6,660.0,2022-02-20 21:35:49,Delivered,10967 Magdeline Court
217,805,Annmaria,Christophle,434,nibh in quis,3,828.0,2022-06-25 10:48:26,Pending,5 Stone Corner Crossing
218,817,Claiborne,Tooby,631,eget tempus,9,7335.0,2022-05-06 15:55:53,Pre-Shipment,9404 Iowa Center
219,654,Sindee,Jaquest,552,adipiscing molestie hendrerit,3,609.0,2022-03-21 16:45:19,Delivered,82547 Reinke Street
220,911,Gladi,Bottoner,457,sapien,8,7288.0,2021-07-20 16:21:40,Delivered,8823 Hazelcrest Alley
221,932,Riordan,Wibrow,943,mauris non ligula,2,1520.0,2021-12-12 10:17:01,Unshipped,0836 Golf Course Road
222,785,Ike,Ivakin,288,erat curabitur,5,3170.0,2022-04-15 07:45:27,Delivered,941 Sunnyside Avenue
223,624,Joelly,Lambkin,722,sit amet,10,4560.0,2021-08-27 20:50:38,Pre-Shipment,720 Rutledge Center
224,428,Gene,Studdert,181,lectus,4,752.0,2022-03-22 09:36:46,Delivered,3936 Eagan Plaza
225,419,Lucienne,Spuffard,572,cum sociis natoque,6,2298.0,2022-05-13 01:27:10,Delivered,446 Moland Drive
226,509,Joellyn,Kairns,386,turpis eget elit,10,2080.0,2022-04-12 14:10:28,Delivered,46168 Helena Avenue
227,465,Danielle,Bartel,429,ullamcorper,2,548.0,2022-06-08 08:07:05,Delivered,75958 Debs Place
228,615,Janith,Strutley,519,habitasse platea dictumst,5,4710.0,2021-06-11 06:51:28,Delivered,84 Glendale Plaza
229,754,Murdock,Baldassi,611,libero non mattis,3,843.0,2022-01-04 13:46:06,Delivered,49847 Russell Place
230,381,Errick,Digger,555,nulla suspendisse,8,2864.0,2022-01-01 18:19:52,Unshipped,6 Kinsman Lane
231,700,Page,Foskett,892,volutpat erat,4,1288.0,2022-04-14 23:52:18,Delivered,252 Dakota Plaza
232,180,Cathi,Bellward,105,vestibulum ante,2,766.0,2022-05-19 17:35:12,Pre-Shipment,90734 Fairfield Court
233,857,Arty,Menier,841,pharetra magna ac,3,2814.0,2022-04-25 12:43:03,Pre-Shipment,897 Chinook Lane
234,961,Dorisa,Leyton,347,turpis adipiscing,7,1785.0,2021-06-13 05:17:50,Pre-Shipment,8 Roth Street
235,329,Alberto,Count,908,lorem ipsum dolor,3,1077.0,2022-03-23 02:50:25,Pre-Shipment,01 Schurz Drive
236,723,Travus,Berrill,717,est,10,2360.0,2022-03-12 12:24:55,Pre-Shipment,28341 Fairview Avenue
237,144,Franny,Elijah,125,turpis adipiscing lorem,1,209.0,2022-06-23 12:43:06,Pre-Shipment,56640 Union Center
238,460,Lelah,Sharp,897,sit,2,220.0,2022-06-25 07:47:50,Pre-Shipment,704 Sage Center
239,289,Troy,Ranger,713,ac,7,6160.0,2022-01-08 12:15:19,Delivered,2345 Eliot Parkway
240,923,Tadd,Andrewartha,811,habitasse platea,1,746.0,2022-05-19 02:51:21,Delivered,9517 Morning Street
241,564,Borg,Allmann,432,pretium nisl ut,8,3016.0,2022-04-27 20:21:00,Unshipped,155 Meadow Ridge Pass
242,929,Alejandro,Wagerfield,39,in,5,685.0,2021-12-19 13:02:33,Pre-Shipment,00 Maple Terrace
243,341,Tailor,Chucks,562,consectetuer adipiscing,6,5916.0,2021-09-13 15:26:08,Delivered,031 Onsgard Crossing
244,399,Johna,McGiffin,96,congue,2,396.0,2021-09-08 18:59:30,Cancelled,833 Beilfuss Point
245,35,Flossie,Spillman,283,accumsan,8,3568.0,2022-05-03 18:52:42,Pending,7 Sunbrook Drive
246,806,Franz,Thing,946,vestibulum,2,1724.0,2022-06-24 00:14:20,Delivered,2420 Independence Avenue
247,867,Madelaine,Stove,859,praesent blandit lacinia,2,790.0,2021-07-08 11:33:53,Delivered,10279 Eagan Street
248,756,Mallory,Spinnace,835,vestibulum sagittis sapien,8,6104.0,2022-01-03 06:04:47,Pending,82 Old Gate Place
249,623,Carlyle,Urch,209,amet justo,9,1971.0,2021-07-26 02:54:01,Delivered,1566 Golf Course Crossing
250,434,Dalli,Douthwaite,459,congue eget semper,7,4214.0,2021-09-05 08:02:30,Delivered,8212 Shopko Park
251,289,Troy,Ranger,191,turpis a pede,4,2352.0,2021-11-06 17:18:08,Delivered,2345 Eliot Parkway
252,200,Antonetta,Loukes,682,ultrices,6,2076.0,2021-12-08 11:36:30,Delivered,567 Golf Course Trail
253,412,Abbot,Haberfield,622,nulla,10,6650.0,2022-02-09 07:49:47,Delivered,9 Hagan Park
254,490,Ame,Mein,340,lacus purus,2,1570.0,2022-02-09 20:31:15,Unshipped,2 Blue Bill Park Park
255,10,Diandra,Howells,175,imperdiet,10,4470.0,2022-02-12 14:45:37,Pre-Shipment,0 Merry Street
256,550,Nickola,Rosenbloom,193,placerat praesent,4,2304.0,2021-10-08 19:12:56,Delivered,99 Sauthoff Avenue
257,473,Kirsten,MacKowle,177,dui nec,4,3744.0,2022-02-14 17:44:05,Pending,8 Kipling Drive
258,134,Giacobo,Moroney,714,tristique,9,1584.0,2022-01-18 17:34:08,Delivered,7703 Dovetail Center
259,363,Andre,Marshall,742,justo in blandit,6,5172.0,2022-03-07 02:13:56,Delivered,30408 Thackeray Crossing
260,23,Ardra,Tebbit,92,in lectus,6,1710.0,2021-06-24 21:00:39,Cancelled,67 Butternut Avenue
261,328,Rutledge,Guyonneau,597,quam pharetra,2,1418.0,2021-12-04 14:23:30,Delivered,83 Derek Hill
262,167,Vachel,Marte,14,curae,8,7088.0,2022-01-11 11:07:40,Delivered,2216 Transport Hill
263,296,Lotti,Jelks,248,leo rhoncus,5,2800.0,2022-05-27 02:18:44,Pre-Shipment,4039 Dexter Road
264,719,Ellen,Gadsden,911,at turpis a,1,984.0,2021-12-11 01:04:05,Pre-Shipment,598 Welch Hill
265,419,Lucienne,Spuffard,628,libero nam dui,6,3102.0,2022-06-18 16:37:37,Unshipped,446 Moland Drive
266,649,Corny,Braferton,712,sem praesent,10,4960.0,2021-12-15 06:27:12,Unshipped,428 Manley Alley
267,353,Erna,Jesteco,225,lorem quisque,3,450.0,2022-01-03 13:17:07,Delivered,015 Kim Plaza
268,113,Andriana,Ende,894,lacus at,4,740.0,2022-05-15 05:42:30,Delivered,5857 Everett Avenue
269,188,Joscelin,Shave,370,amet sapien,1,592.0,2021-10-09 17:00:29,Delivered,437 Fremont Drive
270,569,Leontine,Pougher,79,turpis eget,7,6601.0,2022-05-23 08:44:55,Delivered,1403 Karstens Place
271,141,Dania,Jewis,745,elementum in,3,2193.0,2021-07-24 03:32:43,Delivered,88 Nancy Parkway
272,853,Joyan,Bramwich,898,diam vitae quam,4,3956.0,2021-06-14 06:34:15,Pre-Shipment,0 Badeau Drive
273,157,Rey,Moppett,456,dis parturient montes,8,3648.0,2021-06-30 19:18:28,Delivered,1557 Anthes Alley
274,730,Robyn,Napleton,813,augue vestibulum ante,1,358.0,2021-11-23 02:44:11,Unshipped,98931 Canary Circle
275,98,Armando,Vecard,21,natoque penatibus et,1,613.0,2022-02-10 13:14:47,Pending,95 Garrison Park
276,396,Venus,De Bernardi,650,amet nulla,3,582.0,2022-02-02 04:33:42,Cancelled,17241 Eagan Trail
277,148,Shelden,Madle,128,suspendisse potenti nullam,10,5660.0,2022-07-04 13:40:25,Delivered,6925 Straubel Circle
278,239,Alex,Liepmann,380,lectus,3,1974.0,2022-06-16 10:31:29,Cancelled,059 Pine View Circle
279,574,Corry,Andras,139,convallis morbi,2,1212.0,2022-03-25 09:31:37,Pending,5430 Merchant Junction
280,381,Errick,Digger,221,nulla,1,339.0,2021-07-10 04:17:22,Delivered,6 Kinsman Lane
281,57,Lisle,Labadini,770,tellus nisi eu,7,6881.0,2022-05-10 18:27:43,Delivered,6 Brentwood Center
282,887,Sylvester,Blazevic,995,odio cras,5,525.0,2022-02-10 10:06:26,Delivered,14 Stoughton Drive
283,506,Joly,Storcke,307,turpis,3,1263.0,2021-10-20 19:43:45,Unshipped,78 Canary Alley
284,601,Sonnnie,Stanyer,391,leo pellentesque ultrices,1,830.0,2021-09-18 01:38:01,Pending,310 Rusk Street
285,73,Bronnie,Proske,25,proin eu mi,9,3267.0,2021-12-01 21:33:54,Delivered,18 Linden Alley
286,692,Terrijo,Auletta,133,ornare consequat,5,2245.0,2022-04-15 07:15:30,Pre-Shipment,703 Barby Court
287,137,Barnard,Jaffray,557,purus sit,9,1458.0,2022-05-16 09:00:23,Pending,3 Sunfield Hill
288,22,Lacie,Whitham,896,adipiscing molestie hendrerit,1,153.0,2022-02-26 04:28:23,Delivered,807 Elmside Circle
289,125,Shela,Ottewell,756,sapien,10,2260.0,2021-12-31 14:51:39,Pre-Shipment,56 Ilene Trail
290,330,Sullivan,Filson,136,nam congue risus,3,921.0,2022-04-05 04:02:25,Delivered,730 Eliot Parkway
291,862,Lanny,Kobisch,439,curabitur in libero,5,1255.0,2022-05-11 14:22:41,Delivered,39862 Sunfield Road
292,29,Aleksandr,Sprasen,629,aliquet,2,334.0,2022-04-05 07:40:08,Pre-Shipment,186 David Alley
293,571,Cleveland,Brambill,536,volutpat,9,3870.0,2021-10-11 20:46:51,Pre-Shipment,16 Park Meadow Drive
294,844,Waylon,Bour,643,eget tempus,5,635.0,2021-12-26 09:49:53,Delivered,43328 Jackson Alley
295,773,Donovan,Hurdis,213,tristique est,8,6800.0,2021-06-15 09:04:24,Delivered,1 Paget Alley
296,860,Olive,Cortnay,111,ipsum,4,3044.0,2021-10-15 07:23:20,Pending,8026 Bowman Alley
297,881,Christal,Ramelet,632,nulla tellus in,8,5664.0,2022-04-09 17:10:30,Unshipped,4031 Cardinal Way
298,678,Bertine,Spikins,528,felis,6,1806.0,2021-12-18 20:41:39,Pre-Shipment,76229 Jenna Street
299,521,Tobin,Phateplace,430,orci vehicula condimentum,2,710.0,2021-11-07 08:23:05,Delivered,6 Northridge Crossing
300,442,Ron,Darcey,473,mauris ullamcorper,5,3565.0,2021-06-26 04:02:07,Delivered,9604 Bowman Circle
301,161,Daveen,Laville,69,congue,3,2763.0,2021-12-22 13:04:34,Pending,8947 Mendota Way
302,604,Gerrie,Danielsky,135,cum,7,6769.0,2022-06-25 23:11:29,Delivered,53 Ridgeway Plaza
303,969,Paquito,Petlyura,432,pretium nisl ut,6,5544.0,2021-08-01 18:39:18,Delivered,32 Green Crossing
304,863,Virge,Dallosso,273,dapibus duis,5,995.0,2021-07-28 20:50:19,Pre-Shipment,49 Rutledge Alley
305,207,Penelopa,Flay,26,duis faucibus accumsan,4,2224.0,2022-03-01 13:25:41,Pre-Shipment,9 Golf View Trail
306,232,Lorena,Kiddle,686,quam sapien,10,8490.0,2021-12-04 06:27:54,Pending,8 Kim Hill
307,529,Kathy,Becarra,65,donec quis,8,976.0,2022-05-09 21:40:23,Cancelled,7 Mosinee Lane
308,540,Vernor,Hubber,19,venenatis,7,3297.0,2021-08-22 17:31:22,Cancelled,94945 Parkside Drive
309,353,Erna,Jesteco,261,pulvinar,1,937.0,2021-09-22 21:53:12,Delivered,015 Kim Plaza
310,52,Dorothy,Mangeot,807,est lacinia,5,4440.0,2022-05-18 04:20:25,Delivered,844 Laurel Junction
311,637,Annabel,Bynold,367,amet,8,2728.0,2022-03-11 11:50:33,Delivered,2 Dryden Road
312,962,Archibald,Abrahams,549,lectus,4,3032.0,2022-05-13 13:18:52,Delivered,75 Ilene Court
313,270,Gibby,Buesden,270,porttitor,8,5672.0,2022-03-17 19:58:11,Unshipped,46 Esch Junction
314,968,Waylan,Marrill,569,justo,10,5980.0,2021-10-17 09:27:24,Delivered,399 Veith Alley
315,806,Franz,Thing,967,vel,7,5446.0,2021-06-20 21:49:37,Delivered,2420 Independence Avenue
316,156,Cale,Dawney,312,posuere cubilia curae,2,290.0,2021-12-02 11:23:47,Unshipped,656 Stuart Terrace
317,729,Quintana,Dimond,272,nunc,9,2178.0,2021-07-30 17:31:28,Delivered,94034 Mesta Plaza
318,18,Pier,Pocock,271,placerat praesent,3,897.0,2021-11-15 03:22:30,Delivered,640 Paget Alley
319,903,Early,Cristea,555,nulla suspendisse,9,2133.0,2022-02-27 15:26:55,Pending,60582 Del Mar Court
320,871,Barr,Beresfore,575,est,5,1035.0,2021-07-05 14:06:32,Pre-Shipment,35642 Maple Hill
321,216,Abra,Shord,819,ullamcorper,10,7680.0,2021-09-08 14:00:41,Pending,6 5th Way
322,985,Etan,Dinneen,374,aliquam sit amet,8,2384.0,2021-12-30 09:17:14,Delivered,364 Coleman Drive
323,415,Corty,Gatman,602,vivamus,5,3575.0,2022-02-13 23:30:28,Delivered,830 Village Green Avenue
324,662,Dolley,Phillip,340,lacus purus,10,6900.0,2022-06-05 03:05:53,Delivered,35689 Corry Street
325,776,Dayle,Garric,789,pede ullamcorper augue,10,2450.0,2021-09-10 07:26:34,Delivered,8 Clyde Gallagher Point
326,433,Daveta,De Carlo,741,sapien urna pretium,10,6780.0,2022-05-09 04:29:10,Pending,6 Little Fleur Trail
327,711,Trudy,Delany,414,nunc,10,1380.0,2022-05-30 01:52:25,Delivered,9496 Fairfield Crossing
328,506,Joly,Storcke,1000,eget congue,8,3768.0,2022-03-15 17:45:02,Delivered,78 Canary Alley
329,507,Delmer,Mundford,11,posuere nonummy integer,1,713.0,2021-12-10 18:01:52,Unshipped,86292 Southridge Park
330,854,Franchot,Tugman,771,risus,1,525.0,2022-05-20 06:15:38,Delivered,911 Golf Drive
331,497,Piper,Divine,547,odio,6,4938.0,2021-06-19 17:16:54,Delivered,70 North Avenue
332,42,Enrico,Rohlfs,349,tincidunt nulla mollis,8,6496.0,2021-11-19 23:16:38,Delivered,9169 Stone Corner Drive
333,590,Ashli,Gibbieson,240,odio,5,3550.0,2022-01-27 04:32:42,Unshipped,96508 Rigney Parkway
334,488,Farrel,MacAllaster,48,ut nunc,9,4023.0,2022-04-23 00:53:20,Delivered,1 Messerschmidt Avenue
335,311,Ginelle,Jeffray,696,lobortis,8,6232.0,2021-12-18 19:08:25,Delivered,80913 Bay Lane
336,129,Meredithe,Vaudre,991,eu est,2,1040.0,2022-02-20 18:35:09,Pending,0067 International Avenue
337,615,Janith,Strutley,175,imperdiet,2,746.0,2022-01-06 17:17:22,Pre-Shipment,84 Glendale Plaza
338,140,Burt,Syder,894,lacus at,7,5166.0,2022-03-29 04:05:14,Delivered,15799 Stone Corner Court
339,591,Matilde,Whitear,222,nulla,6,1818.0,2021-07-16 13:24:39,Pending,77 Hollow Ridge Junction
340,889,Gerardo,Barbey,404,justo,2,1184.0,2021-10-02 04:27:41,Delivered,4070 Eastlawn Place
341,899,Jammal,Sandland,889,eu,7,5488.0,2021-06-28 07:56:26,Pre-Shipment,44989 Sugar Junction
342,197,Luella,Cauley,443,quam turpis,1,736.0,2021-11-04 13:09:14,Delivered,3 Farmco Crossing
343,669,Sibyl,Broadberrie,960,cubilia,6,2244.0,2021-10-30 14:28:43,Delivered,3870 Calypso Junction
344,389,Merrick,Huckel,692,vel augue,1,569.0,2022-02-14 05:05:22,Delivered,78578 Bartillon Drive
345,836,Arne,Burdikin,454,nibh quisque id,2,1992.0,2021-06-30 12:21:10,Delivered,1 Iowa Point
346,536,Northrup,Boken,500,id turpis integer,3,1473.0,2021-10-03 18:10:39,Delivered,91808 Washington Point
347,185,Wyn,Renals,852,hac habitasse,4,1028.0,2021-09-13 17:47:31,Delivered,3 Reinke Avenue
348,522,Melody,Hoggins,785,tincidunt lacus at,4,2852.0,2022-05-31 19:04:39,Delivered,054 Trailsway Lane
349,779,Andy,Evamy,709,neque duis bibendum,7,6111.0,2022-04-20 05:32:15,Delivered,86 Drewry Parkway
350,688,Constantino,Whitwham,440,sed interdum venenatis,5,3575.0,2021-07-07 00:05:47,Pre-Shipment,229 5th Street
351,143,Claribel,Thurgood,83,lacus,6,3168.0,2022-05-14 17:08:27,Delivered,5 Scoville Avenue
352,877,Lou,Dameisele,604,dictumst etiam faucibus,6,1998.0,2021-11-04 16:59:15,Pending,258 Vera Point
353,253,Tracey,Spring,855,ridiculus mus,2,1220.0,2022-01-07 08:28:39,Delivered,2 Dryden Road
354,204,Suellen,Tulip,793,feugiat non pretium,10,9770.0,2021-11-30 12:47:41,Pre-Shipment,72 Maywood Pass
355,442,Ron,Darcey,429,ullamcorper,2,816.0,2022-03-09 14:46:36,Unshipped,9604 Bowman Circle
356,898,Izzy,Grebert,466,felis,4,1364.0,2021-11-21 15:22:36,Delivered,7 Emmet Trail
357,166,Kenn,Spinnace,972,potenti in,10,3510.0,2021-11-04 10:02:16,Cancelled,1 Marcy Park
358,147,Sela,Maillard,456,dis parturient montes,3,1074.0,2021-08-24 05:20:29,Delivered,18 Oakridge Plaza
359,226,Buddie,Dibdin,868,egestas,2,1792.0,2021-10-05 02:58:51,Cancelled,3 Veith Crossing
360,858,Griffin,Grigoryev,789,pede ullamcorper augue,7,6986.0,2021-11-25 11:03:10,Pending,4 Morrow Place
361,587,Orin,Crenshaw,836,est,10,8510.0,2022-05-24 08:15:03,Delivered,269 Continental Circle
362,326,Timi,Parkeson,126,odio consequat varius,9,2628.0,2021-10-25 16:47:13,Delivered,3329 Harbort Terrace
363,993,Bartlet,Wackley,850,nisi eu,9,6867.0,2022-06-17 14:23:15,Unshipped,7547 Ilene Court
364,660,Cassandra,Ryhorovich,295,tincidunt in leo,2,1342.0,2022-03-08 06:43:51,Pending,5026 Macpherson Avenue
365,224,Bram,Tidgewell,873,morbi ut odio,6,2826.0,2022-04-27 06:02:29,Delivered,684 Onsgard Hill
366,935,Dodi,Lowen,294,est congue,1,804.0,2021-07-07 09:18:48,Pending,96307 Lien Point
367,513,Eunice,Sangra,391,leo pellentesque ultrices,10,6200.0,2021-10-02 14:39:47,Pre-Shipment,3 Russell Lane
368,916,Ben,Ledamun,442,bibendum,3,1899.0,2021-06-19 06:45:30,Delivered,6 Lindbergh Hill
369,177,Iggy,Sedworth,147,sed vel enim,9,2412.0,2021-11-14 23:21:00,Delivered,53911 Harper Lane
370,535,Jo-ann,Godson,771,risus,3,2817.0,2022-01-03 05:04:01,Pending,91 Lakeland Avenue
371,104,Latisha,Beddie,935,nunc rhoncus dui,4,2000.0,2021-12-24 02:01:14,Delivered,50 Paget Parkway
372,248,Iggie,Birkenshaw,559,vel,1,196.0,2022-02-04 22:43:22,Delivered,19695 Arizona Park
373,113,Andriana,Ende,851,nam dui,5,1280.0,2021-07-04 15:44:28,Delivered,5857 Everett Avenue
374,165,Nikolai,Steffan,302,eget massa tempor,2,1428.0,2021-10-20 05:40:08,Pending,8637 Amoth Place
375,72,Sophey,Gonzalo,992,tortor risus,10,1760.0,2021-10-06 22:03:53,Unshipped,858 Blue Bill Park Point
376,827,Inez,Bonevant,979,ipsum,4,4000.0,2022-07-03 06:03:48,Delivered,677 Browning Road
377,311,Ginelle,Jeffray,46,aliquam convallis nunc,5,4140.0,2021-11-17 01:05:21,Delivered,80913 Bay Lane
378,826,Aubry,Savory,730,rutrum neque,6,1440.0,2022-06-30 10:36:23,Pending,12001 Saint Paul Road
379,847,Wait,de Glanville,230,donec odio,7,3311.0,2021-12-02 05:46:31,Pre-Shipment,38 Bartelt Terrace
380,212,Paolina,Camfield,579,maecenas,4,2416.0,2021-06-30 08:49:58,Unshipped,00 Clemons Terrace
381,973,Mitch,Dahlback,893,nam,6,4254.0,2021-09-21 09:48:19,Delivered,3071 Upham Plaza
382,163,Ferrel,Killford,588,nam congue,5,1130.0,2021-08-11 04:39:07,Delivered,81076 Blue Bill Park Way
383,946,Rustin,Bark,589,non velit nec,2,1738.0,2022-02-03 21:52:42,Delivered,3 Dexter Hill
384,227,Rosie,Klee,100,luctus et ultrices,7,4914.0,2021-09-30 05:58:45,Delivered,26 Declaration Lane
385,276,Saundra,McShane,546,nulla suspendisse,8,1512.0,2021-11-20 09:24:40,Delivered,6 Loeprich Crossing
386,305,Clemence,Fasset,475,nascetur ridiculus mus,3,1584.0,2022-04-03 20:19:51,Unshipped,6 Michigan Lane
387,608,Carmencita,Eck,563,vestibulum,2,1132.0,2021-06-26 13:53:02,Unshipped,82308 Kenwood Center
388,540,Vernor,Hubber,812,at nulla,6,1584.0,2021-12-11 23:28:32,Delivered,94945 Parkside Drive
389,102,Costa,Cominetti,558,luctus et,8,7808.0,2022-01-23 16:00:23,Pre-Shipment,2 Shoshone Street
390,904,Larisa,Neeves,241,quam turpis,5,1915.0,2022-03-01 00:36:03,Delivered,08295 Menomonie Lane
391,659,Torrey,Casel,737,blandit,6,4164.0,2021-08-26 11:12:40,Delivered,6 Carberry Circle
392,981,Stu,Levine,957,pretium,5,1735.0,2021-10-10 00:36:14,Delivered,206 Judy Hill
393,586,Brietta,Driscoll,176,et,2,1816.0,2021-08-28 08:19:41,Unshipped,023 Corry Road
394,169,Berny,Paterno,672,sed,6,4170.0,2022-04-14 22:12:38,Delivered,1233 Huxley Place
395,984,Elroy,Withrop,355,blandit non interdum,1,308.0,2022-02-16 14:15:12,Delivered,08563 Sage Circle
396,135,Ulysses,Hensmans,854,ac leo pellentesque,2,1326.0,2022-01-09 08:36:16,Pending,3485 Heffernan Park
397,899,Jammal,Sandland,544,nec nisi vulputate,10,1200.0,2021-12-04 08:08:32,Delivered,44989 Sugar Junction
398,330,Sullivan,Filson,167,quam nec,10,1850.0,2021-07-10 03:44:54,Pre-Shipment,730 Eliot Parkway
399,931,Nance,Zuan,87,metus arcu adipiscing,4,3752.0,2021-11-11 07:02:45,Pre-Shipment,27 Blaine Pass
400,328,Rutledge,Guyonneau,58,vitae nisi,9,8856.0,2021-10-23 11:54:17,Delivered,83 Derek Hill
401,804,Marcia,Wimbush,290,ac diam cras,1,572.0,2021-08-22 12:30:32,Delivered,858 Commercial Plaza
402,646,Christie,Baldcock,219,condimentum id,8,1432.0,2021-06-07 02:08:41,Pending,0541 Spohn Way
403,511,Harmonia,MacDirmid,276,nam,7,3458.0,2022-06-25 13:42:17,Delivered,680 Derek Avenue
404,232,Lorena,Kiddle,666,non,6,2400.0,2021-10-24 23:21:46,Unshipped,8 Kim Hill
405,920,Adora,Gallaway,574,in hac habitasse,9,7947.0,2022-04-06 23:37:23,Pre-Shipment,951 Daystar Court
406,317,Ced,Gerrels,734,proin at,1,598.0,2022-03-25 00:19:57,Unshipped,69 Tennessee Terrace
407,311,Ginelle,Jeffray,573,enim leo rhoncus,3,357.0,2021-12-28 12:36:32,Pre-Shipment,80913 Bay Lane
408,919,Allayne,Grassin,439,curabitur in libero,7,1239.0,2022-01-08 00:38:11,Delivered,8028 Helena Junction
409,534,Edgard,Barles,961,nibh quisque,9,6012.0,2021-12-07 04:26:49,Delivered,8 Crownhardt Parkway
410,853,Joyan,Bramwich,174,luctus,5,2545.0,2022-06-30 00:10:51,Cancelled,0 Badeau Drive
411,27,Harmonia,Belcham,378,erat fermentum,8,4616.0,2022-02-06 05:06:00,Delivered,907 Moose Way
412,365,Vivyanne,Farragher,676,nulla tempus vivamus,4,2444.0,2022-01-23 09:24:02,Delivered,3610 Claremont Junction
413,857,Arty,Menier,506,libero nam,4,764.0,2022-05-27 16:58:54,Pre-Shipment,897 Chinook Lane
414,616,Barnaby,Melody,119,nisi venenatis,8,2816.0,2021-12-30 01:54:18,Delivered,31362 Mayer Lane
415,513,Eunice,Sangra,761,ultrices vel augue,4,2260.0,2021-08-12 22:27:28,Unshipped,3 Russell Lane
416,492,Gearalt,MacLaughlin,146,rhoncus,3,2211.0,2021-06-15 10:17:16,Cancelled,97 Cardinal Park
417,304,Skylar,Sergison,400,justo,3,2016.0,2021-08-30 18:01:10,Delivered,22 Blackbird Terrace
418,761,Othella,Legate,954,sem,5,570.0,2022-07-05 01:55:32,Pre-Shipment,61 Bunker Hill Alley
419,551,Costanza,Macer,819,ullamcorper,8,5128.0,2021-10-22 01:27:27,Pending,676 Montana Place
420,775,Phedra,Dyball,227,ullamcorper,1,210.0,2021-06-08 11:18:18,Delivered,134 Randy Street
421,791,Tanhya,Gillham,694,enim blandit mi,6,5874.0,2022-02-13 07:29:18,Delivered,8151 Troy Way
422,74,Iseabal,Corrao,604,dictumst etiam faucibus,8,7808.0,2021-08-01 20:44:12,Delivered,07113 Corben Pass
423,181,Bernard,Godlip,420,molestie nibh,6,1734.0,2021-06-29 13:22:43,Pre-Shipment,9434 Bobwhite Point
424,160,Brana,Semorad,884,nisl,1,651.0,2022-02-18 23:12:33,Delivered,62 Heffernan Road
425,615,Janith,Strutley,1,ultrices,9,1242.0,2022-02-12 00:48:52,Delivered,84 Glendale Plaza
426,823,Blisse,Pennicard,489,congue diam,9,4941.0,2022-02-27 05:35:56,Delivered,332 Porter Center
427,723,Travus,Berrill,371,in eleifend quam,5,3110.0,2021-08-18 01:18:50,Delivered,28341 Fairview Avenue
428,848,Honor,Peschka,791,congue,3,1065.0,2021-12-16 01:02:58,Pending,3 Fieldstone Street
429,233,Dominga,Cusworth,539,praesent blandit nam,5,540.0,2022-01-25 01:35:18,Cancelled,6984 Sachtjen Pass
430,540,Vernor,Hubber,874,elementum,9,3276.0,2022-07-08 08:32:10,Delivered,94945 Parkside Drive
431,188,Joscelin,Shave,860,eu massa donec,7,3521.0,2022-05-24 07:37:09,Pending,437 Fremont Drive
432,29,Aleksandr,Sprasen,206,lobortis,3,1569.0,2021-10-16 10:05:15,Pre-Shipment,186 David Alley
433,152,Valaree,Geerling,1000,eget congue,10,1030.0,2022-01-26 20:48:58,Delivered,5036 Mayer Drive
434,667,Casey,Trelevan,750,lectus,5,2400.0,2021-07-18 10:32:09,Unshipped,02 Sachs Crossing
435,315,Kyrstin,Fullylove,745,elementum in,10,6130.0,2022-03-02 21:01:29,Unshipped,46438 Lakewood Gardens Plaza
436,916,Ben,Ledamun,651,dui,5,3225.0,2022-02-20 10:42:21,Delivered,6 Lindbergh Hill
437,392,Wayne,Rebbeck,399,mus vivamus vestibulum,2,1452.0,2022-03-14 23:28:53,Delivered,8843 Ridge Oak Place
438,221,Fredra,Bartens,922,ultrices enim,9,7083.0,2022-07-04 09:35:54,Delivered,0 Waubesa Court
439,967,Bobbie,Hapgood,915,potenti in eleifend,5,2610.0,2021-06-03 18:15:23,Delivered,72 Village Green Pass
440,875,Kaja,Ros,520,in purus eu,3,2115.0,2021-09-10 19:57:34,Delivered,051 Green Place
441,118,Curr,Springford,605,ut odio,1,880.0,2022-02-14 08:26:30,Delivered,27077 Eagan Junction
442,202,Kerwinn,Matysiak,679,est quam pharetra,4,2284.0,2021-11-27 05:14:03,Delivered,1320 Service Crossing
443,858,Griffin,Grigoryev,802,consectetuer,4,1180.0,2021-10-03 20:23:48,Delivered,4 Morrow Place
444,733,Brenn,Cowland,159,dolor,6,5436.0,2022-01-21 04:05:21,Pre-Shipment,9620 Cardinal Avenue
445,582,Hollie,Beech,319,blandit nam nulla,7,6846.0,2021-11-27 17:15:46,Delivered,1 Corscot Drive
446,825,Wald,D'Acth,521,magna,1,921.0,2021-12-29 10:59:00,Delivered,35163 Clyde Gallagher Plaza
447,323,Stacee,Tabrett,85,curabitur,4,2052.0,2021-10-16 23:11:02,Pre-Shipment,041 Kingsford Pass
448,352,Mal,Cino,716,sapien sapien,10,1110.0,2022-01-19 17:52:44,Delivered,956 Gateway Crossing
449,964,Farris,Crewe,498,integer ac leo,5,2735.0,2021-09-06 20:54:38,Delivered,593 Fuller Circle
450,253,Tracey,Spring,274,et ultrices,6,1518.0,2022-05-18 07:06:10,Delivered,2 Dryden Road
451,823,Blisse,Pennicard,834,mauris morbi,4,2728.0,2021-09-15 22:18:18,Delivered,332 Porter Center
452,94,Allegra,Friend,700,pretium iaculis,6,5982.0,2021-07-06 06:28:01,Delivered,5 Lillian Center
453,740,Bentley,Binding,853,tincidunt lacus,5,535.0,2021-12-29 04:19:02,Delivered,2 Mariners Cove Way
454,270,Gibby,Buesden,413,aliquam sit amet,7,6412.0,2021-09-27 05:17:41,Delivered,46 Esch Junction
455,676,Debbie,Dur,627,enim lorem ipsum,7,5628.0,2021-08-31 05:45:59,Delivered,726 Spohn Avenue
456,167,Vachel,Marte,612,laoreet,5,4815.0,2022-02-14 23:41:52,Delivered,2216 Transport Hill
457,105,Jodi,Valentelli,328,mi nulla,4,1584.0,2022-01-14 10:14:23,Delivered,175 Marquette Pass
458,61,Kittie,Samter,429,ullamcorper,10,3200.0,2021-10-07 16:29:10,Delivered,681 Little Fleur Drive
459,74,Iseabal,Corrao,828,convallis,3,1224.0,2022-05-27 09:02:07,Delivered,07113 Corben Pass
460,780,Emogene,Ambrosch,958,ultrices,3,1404.0,2021-12-26 13:39:46,Delivered,50142 Vernon Park
461,235,Wyatt,MacSharry,487,ante ipsum primis,5,4995.0,2022-05-06 00:59:42,Delivered,5966 Village Junction
462,884,Margi,Eseler,672,sed,10,8250.0,2022-01-01 18:10:49,Cancelled,3052 Troy Alley
463,476,Rutherford,Le Marquand,21,natoque penatibus et,9,4770.0,2021-11-22 06:01:07,Delivered,05 Nobel Circle
464,585,Nessy,Kestin,115,hac habitasse platea,8,3616.0,2021-06-30 23:38:12,Delivered,36432 Cordelia Road
465,326,Timi,Parkeson,386,turpis eget elit,1,987.0,2022-03-19 07:39:01,Unshipped,3329 Harbort Terrace
466,196,Jasmina,Aucourte,928,mauris,6,2400.0,2022-06-01 19:41:47,Pre-Shipment,06 Sherman Road
467,362,Karia,Semmens,880,consequat ut nulla,5,1800.0,2021-07-20 01:56:06,Delivered,7548 Londonderry Trail
468,218,Cinderella,Dulinty,278,dapibus augue,5,3965.0,2021-08-13 23:51:56,Pending,42482 Jackson Trail
469,980,Britni,Keerl,216,cubilia curae,7,3815.0,2022-05-05 04:21:31,Unshipped,0839 Lighthouse Bay Park
470,111,De,Hischke,169,auctor gravida,9,1890.0,2021-09-30 22:50:39,Delivered,6 Green Alley
471,922,Lauralee,Worrell,555,nulla suspendisse,6,5208.0,2022-04-14 11:20:36,Pending,946 Kennedy Street
472,217,Man,Fryer,863,placerat praesent blandit,5,2600.0,2022-01-03 11:42:05,Delivered,289 Melvin Place
473,699,Creigh,Margrem,24,pulvinar lobortis est,7,5642.0,2022-06-15 15:06:20,Delivered,8460 Killdeer Park
474,767,Catha,Derdes,715,pellentesque,5,4205.0,2022-05-26 05:01:21,Delivered,8 Corscot Junction
475,608,Carmencita,Eck,38,ullamcorper,10,2150.0,2021-06-01 23:16:24,Delivered,82308 Kenwood Center
476,119,Peyton,Bras,146,rhoncus,5,815.0,2021-12-24 15:08:03,Delivered,998 Eggendart Center
477,718,Franni,Meert,45,hac,2,1582.0,2022-06-04 09:02:46,Pending,9 Superior Street
478,931,Nance,Zuan,428,mauris vulputate,10,6950.0,2022-02-17 11:22:12,Delivered,27 Blaine Pass
479,867,Madelaine,Stove,742,justo in blandit,9,4707.0,2022-05-17 02:55:48,Delivered,10279 Eagan Street
480,815,Tobe,Josifovitz,585,sed nisl,4,2512.0,2022-01-25 21:55:14,Delivered,9587 Forest Run Crossing
481,610,Belia,Crossfield,941,vel sem sed,3,561.0,2021-06-14 03:17:58,Delivered,939 Chive Junction
482,6,Clark,Campion,675,sit,5,3230.0,2022-05-02 18:41:17,Unshipped,1 Messerschmidt Lane
483,766,Abramo,Patullo,241,quam turpis,10,5380.0,2022-01-13 20:26:56,Unshipped,526 Ilene Terrace
484,597,Minta,Gavrielly,65,donec quis,1,201.0,2022-05-05 22:32:25,Delivered,2251 Reindahl Hill
485,230,Meredith,Tewkesbury,735,nisl nunc,7,3780.0,2021-06-06 14:25:08,Delivered,52 Carioca Avenue
486,213,Antonius,Clears,921,congue risus,5,4090.0,2021-09-05 18:53:16,Delivered,9 Amoth Alley
487,939,Felice,Heakins,794,vivamus in,1,167.0,2022-05-03 01:49:46,Pending,610 Lukken Pass
488,638,Wileen,Darkins,368,sed,5,4015.0,2022-01-11 08:27:10,Delivered,6683 Welch Plaza
489,724,Chelsy,Pighills,67,duis,3,345.0,2022-06-01 19:36:15,Pre-Shipment,7200 Hermina Park
490,578,Dagmar,Jertz,774,aenean sit,6,1866.0,2022-05-02 17:24:03,Pending,080 Autumn Leaf Trail
491,193,Gnni,Trivett,927,parturient montes nascetur,8,4536.0,2021-08-17 01:37:50,Delivered,83 Summer Ridge Street
492,88,Fremont,Varga,871,congue diam id,10,3330.0,2022-06-28 14:14:46,Delivered,756 Memorial Drive
493,4,Trent,Barter,336,diam,2,252.0,2022-06-10 20:59:28,Unshipped,1 Elmside Drive
494,932,Riordan,Wibrow,210,erat fermentum,8,1056.0,2021-07-23 12:01:04,Pre-Shipment,0836 Golf Course Road
495,132,Rudy,Butchers,669,ante ipsum primis,2,1796.0,2022-06-19 12:39:47,Pending,00463 Kinsman Trail
496,29,Aleksandr,Sprasen,703,vestibulum velit,5,2180.0,2021-07-02 05:21:35,Pre-Shipment,186 David Alley
497,250,Roxanne,Erlam,44,nunc viverra dapibus,3,1512.0,2021-06-26 08:35:35,Delivered,215 Sachs Drive
498,249,Jackelyn,Emloch,451,eget nunc,10,4240.0,2021-08-25 02:21:20,Pending,559 Helena Crossing
499,690,Lambert,Christoffersen,578,sed accumsan felis,1,825.0,2022-05-27 23:01:48,Pending,279 Forster Trail
500,421,Justina,Juschka,310,lacus,6,4206.0,2021-10-04 08:17:34,Delivered,8280 Miller Trail
501,494,Vilhelmina,Pfeiffer,145,turpis a pede,9,4068.0,2022-05-07 08:14:24,Pre-Shipment,20 Randy Crossing
502,392,Wayne,Rebbeck,768,volutpat,8,1192.0,2021-12-14 10:11:25,Delivered,8843 Ridge Oak Place
503,643,Coreen,Brugman,475,nascetur ridiculus mus,8,3440.0,2022-04-26 06:06:38,Delivered,2 Norway Maple Junction
504,527,Ania,Ennals,493,pede libero,8,2296.0,2021-12-26 04:24:53,Pre-Shipment,24204 Hermina Way
505,316,Eryn,Canby,851,nam dui,10,6170.0,2022-05-23 23:46:01,Delivered,645 Marquette Lane
506,134,Giacobo,Moroney,999,consequat dui nec,10,9540.0,2021-06-28 10:23:18,Delivered,7703 Dovetail Center
507,489,Lilyan,Musker,659,odio in hac,1,711.0,2022-03-22 16:50:39,Pending,80 Lotheville Drive
508,21,Althea,Ost,485,amet,5,1280.0,2021-09-17 03:44:10,Delivered,6 Kensington Circle
509,675,Emmy,Mayberry,374,aliquam sit amet,2,732.0,2021-10-12 15:08:17,Pending,18 Haas Pass
510,652,Aldous,Ducker,417,interdum mauris,6,5286.0,2021-11-12 04:03:39,Delivered,6265 Rockefeller Street
511,671,Kalina,Markel,79,turpis eget,4,2520.0,2021-06-04 23:15:57,Pre-Shipment,2 Marcy Drive
512,480,Tina,Woolmore,638,in lectus pellentesque,7,4998.0,2022-02-11 23:56:52,Delivered,827 Pennsylvania Junction
513,853,Joyan,Bramwich,204,amet eleifend pede,2,1052.0,2021-11-16 10:50:59,Unshipped,0 Badeau Drive
514,241,Rakel,Edser,445,gravida nisi,1,683.0,2021-07-13 13:24:29,Delivered,2270 Northwestern Center
515,776,Dayle,Garric,292,turpis nec,8,3624.0,2021-08-30 07:28:30,Delivered,8 Clyde Gallagher Point
516,425,Lyndell,Dowyer,629,aliquet,6,2874.0,2021-11-05 12:38:33,Pending,0 Quincy Court
517,329,Alberto,Count,939,sollicitudin ut,8,5800.0,2021-07-31 16:24:35,Pre-Shipment,01 Schurz Drive
518,955,Lark,Schlagh,600,curabitur gravida,6,5076.0,2021-06-08 01:26:40,Pending,55 Hovde Circle
519,618,Grange,O'Cosgra,282,nulla,9,1638.0,2022-02-26 14:50:01,Delivered,69 Dapin Drive
520,435,Skippie,Strother,139,convallis morbi,8,1512.0,2022-01-09 01:52:14,Delivered,5 Beilfuss Park
521,619,Darill,O'Howbane,71,elit proin interdum,6,3588.0,2022-05-31 01:30:30,Pre-Shipment,389 Di Loreto Avenue
522,866,Ronna,Keyme,331,diam,8,3112.0,2022-04-21 10:14:06,Delivered,35212 Dovetail Center
523,556,Saleem,Goundry,854,ac leo pellentesque,6,2586.0,2022-03-07 15:18:02,Unshipped,06780 Lindbergh Court
524,49,Baxie,Darton,109,sit amet erat,10,3090.0,2021-12-20 21:16:42,Pending,41062 Maywood Park
525,476,Rutherford,Le Marquand,208,suspendisse,6,1476.0,2022-04-11 02:22:08,Pre-Shipment,05 Nobel Circle
526,3,Gale,Tomenson,380,lectus,6,3954.0,2021-11-26 20:48:30,Delivered,8 Paget Avenue
527,385,Perl,Gosnold,985,amet lobortis sapien,3,1011.0,2022-03-03 22:48:04,Unshipped,77488 Hansons Point
528,415,Corty,Gatman,712,sem praesent,8,3416.0,2021-12-21 06:40:26,Delivered,830 Village Green Avenue
529,253,Tracey,Spring,126,odio consequat varius,6,1950.0,2021-06-07 09:49:02,Delivered,2 Dryden Road
530,838,Monti,Cleyne,467,tellus nisi,7,6335.0,2022-07-12 10:52:23,Pre-Shipment,9 Old Shore Plaza
531,655,Chet,Bartoletti,284,ut tellus nulla,1,860.0,2021-10-09 15:45:17,Pending,618 Beilfuss Lane
532,343,Flynn,Corter,60,nec nisi vulputate,4,1000.0,2022-02-10 08:27:43,Pre-Shipment,146 Thackeray Alley
533,802,Sunny,Facchini,484,adipiscing molestie hendrerit,6,4248.0,2021-10-24 19:16:44,Delivered,5965 Towne Avenue
534,401,Kerk,Pavkovic,98,sit,3,345.0,2022-02-06 23:38:10,Cancelled,62 Larry Court
535,568,Ezechiel,Greaser,758,nisl nunc,8,2976.0,2022-03-03 19:06:39,Pre-Shipment,87849 High Crossing Avenue
536,293,Emlen,Woolfall,122,justo,3,792.0,2022-02-08 18:18:46,Delivered,005 Rockefeller Parkway
537,535,Jo-ann,Godson,101,cras,10,5980.0,2022-02-14 03:35:12,Delivered,91 Lakeland Avenue
538,653,Kellia,Hillhouse,501,rutrum,5,4250.0,2022-04-03 07:47:13,Delivered,39 Jackson Way
539,88,Fremont,Varga,961,nibh quisque,3,345.0,2021-07-02 08:38:46,Delivered,756 Memorial Drive
540,150,Candi,Scoggin,649,purus eu magna,3,2211.0,2022-06-17 18:13:30,Delivered,9407 Pleasure Circle
541,26,Merwin,Dunge,401,adipiscing lorem,7,1736.0,2021-10-04 11:05:33,Delivered,72 Village Green Court
542,185,Wyn,Renals,571,eu massa donec,5,780.0,2021-11-16 03:08:12,Delivered,3 Reinke Avenue
543,462,Marmaduke,Wigley,823,augue vel,5,2220.0,2022-04-27 01:16:23,Delivered,633 Maple Crossing
544,528,Osmund,Coatham,555,nulla suspendisse,5,4530.0,2021-08-07 11:58:14,Delivered,5848 Victoria Place
545,805,Annmaria,Christophle,480,lacinia eget,10,3570.0,2022-04-24 16:09:05,Delivered,5 Stone Corner Crossing
546,242,Felicle,Hulle,322,dolor morbi vel,9,8046.0,2022-02-02 18:44:24,Pending,8705 Oak Trail
547,196,Jasmina,Aucourte,808,vitae nisi,3,1965.0,2021-07-07 08:35:11,Pending,06 Sherman Road
548,716,Diego,Duferie,588,nam congue,7,1722.0,2022-03-11 14:29:35,Delivered,948 Westridge Plaza
549,140,Burt,Syder,177,dui nec,2,496.0,2021-09-20 05:57:11,Delivered,15799 Stone Corner Court
550,29,Aleksandr,Sprasen,313,pellentesque quisque porta,5,1260.0,2022-05-14 07:06:12,Pending,186 David Alley
551,939,Felice,Heakins,823,augue vel,4,432.0,2022-05-03 17:43:14,Cancelled,610 Lukken Pass
552,737,Ginnifer,Simmell,85,curabitur,2,544.0,2021-07-26 22:27:35,Delivered,93732 Ridgeway Drive
553,242,Felicle,Hulle,139,convallis morbi,9,7866.0,2022-01-15 22:17:45,Pre-Shipment,8705 Oak Trail
554,239,Alex,Liepmann,760,libero quis orci,5,1000.0,2021-12-08 10:52:08,Delivered,059 Pine View Circle
555,621,Tedda,Pestricke,718,curabitur,9,3015.0,2021-09-28 17:08:30,Delivered,20498 Cottonwood Junction
556,683,Noe,Plevey,297,pellentesque,1,905.0,2022-04-18 21:58:19,Delivered,89 Farwell Junction
557,559,Ransell,Buye,172,sem praesent id,8,1168.0,2022-04-09 19:39:55,Pre-Shipment,78 Butternut Hill
558,998,Amelita,Floyed,56,scelerisque quam,4,860.0,2022-04-20 09:01:56,Delivered,883 Haas Way
559,596,Brandy,Bonifant,359,lacus curabitur,9,3330.0,2021-07-29 07:27:09,Pending,0 American Circle
560,983,Tildie,Mishow,394,rhoncus dui,8,3176.0,2022-07-04 11:19:32,Delivered,9169 Kings Crossing
561,102,Costa,Cominetti,659,odio in hac,8,7440.0,2022-03-03 01:18:17,Pending,2 Shoshone Street
562,706,Dorie,Radenhurst,151,amet consectetuer adipiscing,7,4473.0,2021-10-16 03:47:58,Pending,0230 Bartillon Avenue
563,343,Flynn,Corter,38,ullamcorper,4,1360.0,2022-02-26 08:00:34,Delivered,146 Thackeray Alley
564,847,Wait,de Glanville,79,turpis eget,7,4718.0,2022-05-25 07:02:12,Pending,38 Bartelt Terrace
565,802,Sunny,Facchini,620,blandit lacinia,8,7536.0,2021-09-16 11:16:54,Delivered,5965 Towne Avenue
566,178,Lu,Bertl,846,pede posuere,6,2178.0,2021-08-09 10:46:12,Unshipped,4960 Hovde Terrace
567,901,Kailey,Bolton,872,ac nulla,3,957.0,2022-03-17 12:10:16,Delivered,0 Fairfield Drive
568,727,Gael,Goalley,689,id,1,229.0,2022-03-22 05:49:25,Pre-Shipment,1 Longview Pass
569,713,Rossy,Ketton,412,bibendum imperdiet nullam,1,354.0,2022-05-01 18:50:02,Cancelled,996 Marquette Plaza
570,18,Pier,Pocock,455,diam,4,3668.0,2022-05-28 03:58:26,Cancelled,640 Paget Alley
571,390,Aldric,Shearn,532,ut,8,6248.0,2021-10-28 22:09:39,Delivered,7012 Fallview Hill
572,339,Daryl,Baber,973,sapien non,4,2860.0,2022-02-17 13:52:28,Unshipped,53992 Farmco Alley
573,859,Larisa,Fitzsymonds,741,sapien urna pretium,9,8937.0,2021-06-12 10:13:28,Delivered,709 Di Loreto Alley
574,421,Justina,Juschka,603,ac nulla,2,2000.0,2021-07-09 01:38:31,Pre-Shipment,8280 Miller Trail
575,318,Blakelee,Halkyard,440,sed interdum venenatis,4,704.0,2022-05-25 05:20:36,Pre-Shipment,83142 Ruskin Circle
576,712,Aileen,Fewkes,769,consectetuer adipiscing,8,1296.0,2022-03-05 13:56:47,Delivered,217 Blaine Drive
577,135,Ulysses,Hensmans,974,duis,4,1216.0,2021-06-15 10:01:57,Delivered,3485 Heffernan Park
578,760,Viole,Thunderman,885,orci pede venenatis,8,856.0,2022-04-21 17:46:43,Cancelled,355 Katie Road
579,876,Shellie,Weblin,762,at feugiat non,7,4900.0,2022-06-22 17:53:47,Delivered,4 Fairfield Pass
580,373,Rosalinde,Roy,793,feugiat non pretium,3,888.0,2021-12-26 01:50:32,Delivered,0527 Montana Center
581,941,Maurie,Gittens,262,auctor gravida sem,1,118.0,2021-11-25 04:04:22,Delivered,580 Anhalt Way
582,314,Hadley,Pepperill,530,volutpat,1,548.0,2021-06-14 14:01:29,Pre-Shipment,57899 Alpine Trail
583,984,Elroy,Withrop,129,at nulla suspendisse,2,1162.0,2021-08-31 14:04:43,Unshipped,08563 Sage Circle
584,836,Arne,Burdikin,959,luctus,6,5160.0,2021-11-24 05:58:19,Delivered,1 Iowa Point
585,302,Katrina,Tindall,965,cubilia curae duis,1,814.0,2021-12-29 08:16:15,Delivered,71 Stoughton Drive
586,950,Meggie,Rivaland,824,a feugiat,1,112.0,2021-11-16 22:48:59,Pending,955 Hollow Ridge Avenue
587,929,Alejandro,Wagerfield,418,feugiat non,7,2779.0,2021-06-26 22:45:47,Delivered,00 Maple Terrace
588,817,Claiborne,Tooby,458,lorem quisque ut,1,904.0,2021-09-18 09:16:06,Delivered,9404 Iowa Center
589,861,Ernst,Lambdean,313,pellentesque quisque porta,10,9460.0,2022-01-14 16:19:42,Unshipped,74 Farmco Terrace
590,377,Alanna,McCobb,89,massa,3,2277.0,2022-04-10 20:41:19,Delivered,1 Walton Trail
591,514,Caralie,Mc-Kerley,671,sit amet,3,1416.0,2022-03-28 11:56:48,Unshipped,7591 Tony Plaza
592,726,Mitzi,Kerford,947,in,2,1852.0,2022-03-11 04:22:47,Delivered,50 Lukken Point
593,397,Cara,Chetter,342,dui proin,6,2472.0,2022-05-19 20:26:43,Delivered,76561 Grim Plaza
594,200,Antonetta,Loukes,237,elementum pellentesque,7,1134.0,2022-02-28 02:55:29,Pre-Shipment,567 Golf Course Trail
595,208,Jessica,Goldson,275,amet,5,3890.0,2022-04-09 22:14:51,Delivered,4027 Summer Ridge Lane
596,53,Diena,Cecchetelli,410,a odio in,10,1880.0,2022-05-25 11:19:15,Delivered,568 Elmside Plaza
597,868,Rance,Foulger,631,eget tempus,7,5894.0,2021-09-11 04:36:15,Delivered,051 Rieder Street
598,925,Trixie,Raatz,107,turpis donec posuere,10,4310.0,2021-10-24 08:36:32,Delivered,50369 Meadow Ridge Terrace
599,420,Efren,McCurdy,337,ipsum,4,1300.0,2022-06-25 01:23:51,Delivered,5 School Way
600,61,Kittie,Samter,122,justo,10,9930.0,2021-08-23 13:44:55,Delivered,681 Little Fleur Drive
601,424,Beth,Wythill,714,tristique,4,1640.0,2021-07-13 13:59:56,Delivered,25 Mendota Lane
602,135,Ulysses,Hensmans,710,montes nascetur ridiculus,6,5340.0,2021-07-02 09:55:01,Pre-Shipment,3485 Heffernan Park
603,739,Boigie,Domsalla,313,pellentesque quisque porta,3,2319.0,2022-05-25 14:51:32,Unshipped,8785 Coleman Street
604,543,Emelyne,Palke,289,augue vel accumsan,5,1035.0,2021-09-23 09:42:17,Delivered,384 Morningstar Street
605,660,Cassandra,Ryhorovich,380,lectus,2,1362.0,2022-06-27 11:28:24,Delivered,5026 Macpherson Avenue
606,997,Kailey,Garraway,584,interdum,9,5049.0,2021-12-12 13:04:37,Delivered,152 Scofield Lane
607,96,Hastings,Vieyra,770,tellus nisi eu,1,197.0,2021-09-05 14:25:20,Pre-Shipment,2075 Northland Trail
608,178,Lu,Bertl,626,habitasse,9,3105.0,2021-07-17 06:04:10,Delivered,4960 Hovde Terrace
609,393,Greer,Verrico,315,aliquam augue,10,2990.0,2021-09-03 18:26:56,Delivered,9545 Loeprich Drive
610,576,Yardley,Flude,106,tortor sollicitudin mi,6,3294.0,2022-04-25 22:18:00,Delivered,84 Blackbird Parkway
611,330,Sullivan,Filson,835,vestibulum sagittis sapien,3,2325.0,2021-10-31 04:44:15,Delivered,730 Eliot Parkway
612,598,Rodrique,Vinau,999,consequat dui nec,9,1998.0,2021-08-26 12:34:33,Delivered,7422 Iowa Drive
613,16,Melli,Dullingham,582,convallis eget,1,121.0,2021-08-18 09:25:42,Delivered,9 Loeprich Hill
614,211,Trista,Hallums,239,vivamus tortor,2,1544.0,2022-04-04 15:13:39,Unshipped,01765 Hoffman Plaza
615,565,Tommy,Furley,712,sem praesent,9,4851.0,2021-07-15 07:20:39,Pre-Shipment,794 Truax Pass
616,392,Wayne,Rebbeck,187,in quis justo,3,816.0,2022-01-24 17:19:55,Cancelled,8843 Ridge Oak Place
617,153,Schuyler,Zanicchelli,166,in,5,4210.0,2022-07-11 23:55:21,Cancelled,8 Anthes Drive
618,465,Danielle,Bartel,891,ullamcorper,7,5026.0,2021-08-06 20:44:13,Pending,75958 Debs Place
619,567,Gustave,Dewberry,361,tempor turpis,5,4465.0,2022-05-06 15:48:55,Pending,258 Roxbury Avenue
620,550,Nickola,Rosenbloom,263,suspendisse,4,3100.0,2022-03-10 16:10:42,Delivered,99 Sauthoff Avenue
621,278,Toni,Lardeur,898,diam vitae quam,6,4794.0,2022-05-28 21:39:20,Pending,2 Di Loreto Pass
622,373,Rosalinde,Roy,93,risus semper porta,10,6700.0,2021-12-18 03:42:04,Pre-Shipment,0527 Montana Center
623,225,Renaldo,Kleint,860,eu massa donec,1,391.0,2021-10-26 17:36:05,Pending,92 Troy Way
624,332,Jessie,Butland,467,tellus nisi,6,3798.0,2021-06-26 07:58:34,Delivered,2647 Shasta Road
625,53,Diena,Cecchetelli,141,tristique,2,524.0,2021-12-19 12:42:57,Pending,568 Elmside Plaza
626,832,Claiborne,Schindler,689,id,9,7137.0,2022-02-10 09:29:33,Delivered,536 Pearson Junction
627,973,Mitch,Dahlback,967,vel,3,2118.0,2021-12-03 10:05:35,Delivered,3071 Upham Plaza
628,893,Zondra,Gentner,180,nulla,4,464.0,2022-02-28 03:49:54,Delivered,36 Russell Place
629,159,Zacherie,Rottenbury,275,amet,10,3310.0,2021-06-25 18:18:54,Pre-Shipment,457 North Court
630,554,Mort,Inglesent,516,molestie sed justo,5,3870.0,2022-06-27 07:35:30,Delivered,5 Superior Circle
631,26,Merwin,Dunge,428,mauris vulputate,5,4800.0,2021-12-25 02:06:00,Pending,72 Village Green Court
632,6,Clark,Campion,51,ac,9,8325.0,2021-09-01 11:42:21,Delivered,1 Messerschmidt Lane
633,134,Giacobo,Moroney,55,mauris,9,8352.0,2021-07-09 04:37:43,Delivered,7703 Dovetail Center
634,520,Jordain,Stanyforth,534,mus vivamus,8,5048.0,2021-11-19 04:15:47,Delivered,23748 Coolidge Way
635,753,Hanni,Dooher,3,massa donec dapibus,5,2050.0,2021-10-11 07:29:08,Delivered,5882 Nancy Trail
636,156,Cale,Dawney,595,ante ipsum primis,5,2000.0,2021-08-03 01:03:47,Delivered,656 Stuart Terrace
637,572,Janella,Woollacott,195,bibendum morbi non,8,3848.0,2022-03-05 18:54:24,Pending,24095 Fisk Alley
638,208,Jessica,Goldson,567,sapien cursus vestibulum,2,498.0,2022-03-26 10:48:22,Delivered,4027 Summer Ridge Lane
639,633,Kearney,Puvia,517,maecenas,10,8230.0,2022-03-23 21:44:26,Pending,132 Main Plaza
640,650,Pail,Gookey,619,turpis,6,5892.0,2021-11-18 16:30:57,Delivered,600 Ridgeway Circle
641,46,Max,Bourdis,547,odio,4,1300.0,2022-04-03 10:46:40,Unshipped,89638 Fieldstone Court
642,806,Franz,Thing,826,a,3,2952.0,2021-08-22 20:28:05,Delivered,2420 Independence Avenue
643,839,Pattin,Ryves,987,eget semper rutrum,5,4285.0,2021-07-03 04:11:14,Delivered,8213 Dwight Park
644,360,Clovis,Rowdell,532,ut,8,7528.0,2021-07-05 06:27:05,Unshipped,547 Nelson Terrace
645,167,Vachel,Marte,708,id nulla,3,1866.0,2021-12-30 15:32:16,Pending,2216 Transport Hill
646,509,Joellyn,Kairns,371,in eleifend quam,5,2115.0,2022-04-19 09:11:48,Pre-Shipment,46168 Helena Avenue
647,714,Tonya,Sidry,115,hac habitasse platea,4,3572.0,2021-10-16 22:17:25,Delivered,7513 Blaine Junction
648,284,Illa,Fucher,661,magna ac consequat,5,4450.0,2022-05-14 07:11:23,Delivered,6 Hintze Junction
649,769,Burton,Pallatina,152,felis sed,8,5736.0,2022-02-11 23:43:28,Delivered,2 Bashford Avenue
650,861,Ernst,Lambdean,725,suscipit a,6,5508.0,2021-11-20 13:06:51,Pre-Shipment,74 Farmco Terrace
651,487,Devi,Moar,793,feugiat non pretium,8,2608.0,2021-07-03 22:54:38,Delivered,0 Petterle Way
652,480,Tina,Woolmore,678,massa,8,5768.0,2022-04-16 01:29:27,Pending,827 Pennsylvania Junction
653,239,Alex,Liepmann,197,amet turpis,1,651.0,2021-06-14 02:31:11,Pending,059 Pine View Circle
654,410,Valera,Purvey,402,feugiat non pretium,2,908.0,2022-04-26 03:58:51,Unshipped,473 Warner Lane
655,285,Alvinia,Yesenev,589,non velit nec,5,4520.0,2022-03-22 17:09:59,Delivered,7235 Sutherland Avenue
656,245,Leshia,Devers,109,sit amet erat,10,9220.0,2021-08-18 17:18:06,Pre-Shipment,08661 Lukken Park
657,431,Demetria,Karlowicz,913,id,3,552.0,2021-06-17 22:35:51,Pending,2686 Roxbury Crossing
658,449,Werner,Sibyllina,351,tincidunt,1,405.0,2022-06-27 12:56:56,Delivered,61 Schiller Way
659,588,Beltran,Shear,960,cubilia,2,734.0,2022-05-18 11:11:10,Delivered,5299 John Wall Terrace
660,660,Cassandra,Ryhorovich,439,curabitur in libero,8,3816.0,2021-11-11 08:20:15,Pre-Shipment,5026 Macpherson Avenue
661,1000,Hendrik,Rushford,540,duis faucibus,10,3560.0,2022-02-01 05:20:49,Delivered,0332 Trailsway Street
662,757,Otes,Tottie,217,ut nunc vestibulum,7,700.0,2021-09-05 19:23:00,Delivered,53889 Main Circle
663,584,Minni,Stairmand,390,duis,10,5260.0,2021-12-04 23:49:36,Pre-Shipment,67356 Prairie Rose Alley
664,980,Britni,Keerl,200,leo,10,4350.0,2021-08-22 02:11:14,Pending,0839 Lighthouse Bay Park
665,154,Clerc,Harkins,547,odio,9,3447.0,2022-02-16 15:33:17,Delivered,1 La Follette Terrace
666,944,Chrissy,Adds,694,enim blandit mi,8,1112.0,2021-06-03 14:14:19,Delivered,1043 Magdeline Center
667,624,Joelly,Lambkin,363,magnis dis parturient,3,873.0,2022-06-02 04:16:31,Delivered,720 Rutledge Center
668,236,Alyson,Tryhorn,106,tortor sollicitudin mi,6,4062.0,2021-09-30 21:59:43,Pre-Shipment,5 Elgar Plaza
669,828,Kaitlynn,Collidge,569,justo,9,5670.0,2021-06-08 00:31:35,Cancelled,329 Blaine Plaza
670,891,Flinn,Winskill,914,mollis molestie,5,1445.0,2021-08-18 02:33:03,Delivered,5759 Maryland Alley
671,249,Jackelyn,Emloch,105,vestibulum ante,2,1580.0,2021-06-11 12:49:31,Delivered,559 Helena Crossing
672,685,Gianina,Glancey,866,ut nulla,10,8610.0,2022-05-13 21:33:27,Delivered,33438 Burning Wood Junction
673,440,Mureil,Hanham,342,dui proin,9,3402.0,2021-07-17 11:45:24,Pre-Shipment,0242 Prairieview Avenue
674,511,Harmonia,MacDirmid,532,ut,9,3258.0,2021-10-20 22:03:39,Delivered,680 Derek Avenue
675,488,Farrel,MacAllaster,899,morbi vestibulum,9,2421.0,2021-10-15 22:53:54,Cancelled,1 Messerschmidt Avenue
676,764,Flem,Mew,209,amet justo,5,1745.0,2022-01-09 11:17:15,Delivered,391 Browning Hill
677,67,Shirley,Woolward,609,ut at dolor,10,4460.0,2021-08-15 03:15:19,Delivered,17101 Mendota Center
678,964,Farris,Crewe,761,ultrices vel augue,4,700.0,2022-01-26 13:25:51,Pre-Shipment,593 Fuller Circle
679,96,Hastings,Vieyra,752,phasellus sit,8,2760.0,2022-01-20 19:02:18,Delivered,2075 Northland Trail
680,172,Brion,Haughin,907,velit nec nisi,5,2680.0,2021-10-13 04:16:32,Delivered,2 Hauk Pass
681,562,Rand,Janowski,83,lacus,6,1410.0,2022-02-25 14:28:59,Delivered,21 Northport Terrace
682,786,Rodie,Porch,886,quisque,9,7074.0,2021-10-07 16:38:32,Unshipped,054 Cherokee Crossing
683,270,Gibby,Buesden,791,congue,1,847.0,2022-03-26 06:26:18,Pending,46 Esch Junction
684,620,Farrel,Oppery,405,id ligula,3,861.0,2022-01-15 21:18:02,Delivered,37506 Barnett Way
685,767,Catha,Derdes,802,consectetuer,1,301.0,2022-02-15 04:11:39,Delivered,8 Corscot Junction
686,58,Crosby,Coldbath,416,suspendisse ornare,5,3405.0,2022-06-09 11:35:38,Delivered,58318 Macpherson Circle
687,513,Eunice,Sangra,45,hac,6,1350.0,2021-11-10 02:59:22,Unshipped,3 Russell Lane
688,631,Wright,Fenck,9,erat volutpat in,7,5278.0,2021-12-14 23:43:21,Delivered,77688 Elgar Pass
689,998,Amelita,Floyed,31,in,10,5270.0,2021-07-02 10:01:57,Delivered,883 Haas Way
690,728,Nanette,Boorman,946,vestibulum,2,282.0,2022-06-15 23:09:40,Delivered,25 Ilene Road
691,529,Kathy,Becarra,839,nulla ultrices,1,813.0,2021-07-12 00:29:31,Pending,7 Mosinee Lane
692,911,Gladi,Bottoner,323,volutpat erat quisque,4,1952.0,2022-05-06 14:28:55,Delivered,8823 Hazelcrest Alley
693,18,Pier,Pocock,870,velit,1,160.0,2022-03-05 01:29:33,Pending,640 Paget Alley
694,534,Edgard,Barles,101,cras,1,610.0,2022-06-23 09:29:56,Pre-Shipment,8 Crownhardt Parkway
695,763,Demetri,Allcock,460,praesent id massa,5,3585.0,2022-06-22 16:58:11,Delivered,1550 Reinke Trail
696,71,Penni,Grahlmans,600,curabitur gravida,3,2298.0,2021-10-10 07:41:39,Delivered,29 Coleman Terrace
697,953,Timi,Aronoff,368,sed,8,2584.0,2021-07-27 22:16:17,Delivered,725 Becker Place
698,719,Ellen,Gadsden,531,ligula,1,268.0,2021-08-31 13:13:19,Pending,598 Welch Hill
699,637,Annabel,Bynold,837,volutpat,4,1204.0,2022-06-30 12:17:31,Pending,2 Dryden Road
700,894,Lannie,Wyles,266,vestibulum velit id,2,1280.0,2022-03-17 00:16:01,Delivered,43603 Loeprich Drive
701,581,Dave,Kigelman,861,tempus semper est,4,1396.0,2021-08-03 10:51:11,Pre-Shipment,7209 Carpenter Road
702,42,Enrico,Rohlfs,88,cubilia curae,5,3965.0,2021-10-03 04:02:11,Pending,9169 Stone Corner Drive
703,451,Nollie,Oswell,389,nulla,9,2979.0,2021-08-07 19:31:17,Delivered,69 Pepper Wood Park
704,752,Andrew,Dittson,933,mus etiam,1,580.0,2021-06-09 00:01:39,Unshipped,7 Thierer Circle
705,608,Carmencita,Eck,966,odio curabitur,4,3008.0,2021-07-28 16:59:37,Pre-Shipment,82308 Kenwood Center
706,430,Fabian,Cuskery,948,ipsum,8,4824.0,2021-12-24 13:37:51,Unshipped,6 Buhler Alley
707,726,Mitzi,Kerford,292,turpis nec,2,428.0,2022-06-30 12:28:25,Delivered,50 Lukken Point
708,918,Duncan,Cornillot,82,lacus morbi quis,3,513.0,2022-01-11 06:29:20,Delivered,55092 6th Terrace
709,910,Gustaf,Pogg,732,quam a odio,1,840.0,2021-12-02 02:35:50,Delivered,33111 Lakeland Junction
710,938,Zollie,Martello,797,porttitor lacus,7,5579.0,2022-06-08 15:41:58,Unshipped,0376 Shoshone Drive
711,844,Waylon,Bour,78,orci luctus,1,500.0,2022-07-06 19:58:58,Cancelled,43328 Jackson Alley
712,523,Fredrika,Esbrook,980,platea dictumst,8,5408.0,2022-05-20 20:14:41,Delivered,6 Shelley Lane
713,89,Brigit,Joly,452,justo aliquam,5,3065.0,2021-07-30 23:24:40,Delivered,45583 Granby Way
714,802,Sunny,Facchini,656,arcu,8,1864.0,2022-01-08 13:00:11,Delivered,5965 Towne Avenue
715,836,Arne,Burdikin,474,nulla integer,1,473.0,2021-09-05 20:03:39,Delivered,1 Iowa Point
716,376,Rickie,Christauffour,364,volutpat eleifend,8,2952.0,2021-08-05 12:45:58,Delivered,7590 Nobel Parkway
717,865,Angelita,Pinching,562,consectetuer adipiscing,9,8019.0,2022-01-10 01:30:48,Cancelled,9825 Corben Road
718,885,Lauren,Guiden,244,habitasse platea,6,2430.0,2022-05-08 08:38:41,Delivered,6268 Stang Drive
719,85,Saw,Rochell,775,ligula nec sem,2,482.0,2022-04-23 17:24:07,Delivered,99 Cottonwood Pass
720,58,Crosby,Coldbath,285,morbi porttitor,10,8010.0,2022-01-13 02:38:41,Delivered,58318 Macpherson Circle
721,658,Gloria,Poxton,157,convallis eget,10,9140.0,2021-10-10 20:33:42,Unshipped,93 Old Shore Way
722,996,Cad,Matlock,664,ipsum dolor,10,8540.0,2022-03-12 20:48:49,Pending,6 Jay Plaza
723,742,Cale,Brisley,506,libero nam,2,1900.0,2022-05-15 06:04:37,Delivered,10861 Meadow Valley Alley
724,676,Debbie,Dur,806,nec molestie,10,4030.0,2022-07-03 16:55:35,Pre-Shipment,726 Spohn Avenue
725,384,Alameda,Assinder,307,turpis,2,426.0,2022-05-17 06:36:09,Pre-Shipment,0767 Ridgeview Way
726,261,Umberto,Bentz,705,gravida nisi at,9,5121.0,2021-08-01 14:18:12,Pre-Shipment,0451 Butternut Junction
727,526,Layton,Cansdill,104,habitasse,7,1295.0,2021-07-15 17:02:10,Delivered,2 Daystar Way
728,833,Gianni,Jaszczak,838,imperdiet nullam,9,5904.0,2022-02-06 00:53:27,Cancelled,1 Messerschmidt Road
729,321,Pete,Bohl,702,in faucibus,4,832.0,2021-06-05 03:59:14,Cancelled,116 Union Drive
730,872,Tracie,Kerbler,515,mi,7,1372.0,2021-09-17 01:13:38,Pending,66 Granby Lane
731,317,Ced,Gerrels,749,dolor sit,1,843.0,2021-10-28 03:26:20,Delivered,69 Tennessee Terrace
732,856,Arlene,Beggi,953,eget orci,2,272.0,2021-11-08 09:52:39,Delivered,07979 Buena Vista Parkway
733,123,Melanie,Fullerton,95,pede,3,2091.0,2021-11-01 08:23:10,Delivered,44798 6th Place
734,717,Darnall,Clinton,805,nibh in hac,7,6433.0,2021-11-01 00:54:16,Pending,8 Mcguire Avenue
735,333,Emmye,Attenbarrow,13,at,10,2980.0,2021-10-17 21:38:39,Delivered,2 Morningstar Road
736,503,Pierrette,Robbey,526,pellentesque,10,2320.0,2021-08-31 03:14:11,Delivered,2152 Pankratz Crossing
737,163,Ferrel,Killford,164,eu orci,7,1001.0,2021-11-21 15:11:42,Delivered,81076 Blue Bill Park Way
738,346,Johnny,Blance,876,quisque porta,1,704.0,2022-06-23 11:31:14,Cancelled,19355 Fuller Crossing
739,843,Dorey,Hamel,914,mollis molestie,2,1758.0,2021-12-09 13:35:53,Pre-Shipment,627 Daystar Place
740,507,Delmer,Mundford,770,tellus nisi eu,8,1616.0,2021-11-27 12:41:03,Delivered,86292 Southridge Park
741,187,Leeann,Simmen,236,dapibus dolor,7,3717.0,2021-12-23 06:32:40,Unshipped,92543 Superior Way
742,98,Armando,Vecard,728,cubilia curae,2,1616.0,2022-01-16 00:25:04,Delivered,95 Garrison Park
743,569,Leontine,Pougher,497,donec quis orci,7,3899.0,2021-08-27 08:57:02,Pre-Shipment,1403 Karstens Place
744,5,Kurtis,Klink,756,sapien,10,6110.0,2022-04-24 09:20:24,Pending,5 Meadow Ridge Street
745,294,Lamond,Postans,761,ultrices vel augue,9,4131.0,2022-06-16 19:14:22,Delivered,18 Westend Avenue
746,960,Rollie,Kaufman,916,nisi venenatis tristique,3,2043.0,2021-11-18 07:04:06,Delivered,7 Chinook Center
747,267,Sari,Acheson,825,ligula,4,3236.0,2021-06-11 15:22:26,Delivered,1 Lakeland Hill
748,875,Kaja,Ros,36,vel enim,10,4280.0,2021-09-10 06:43:19,Pending,051 Green Place
749,576,Yardley,Flude,398,tincidunt eget tempus,10,7190.0,2021-10-07 12:23:49,Delivered,84 Blackbird Parkway
750,542,Clemence,Handrahan,393,augue a,2,590.0,2022-05-06 17:38:02,Delivered,3 Basil Way
751,886,Britt,Marunchak,502,amet,6,5016.0,2022-05-19 20:28:03,Delivered,377 Dryden Lane
752,353,Erna,Jesteco,178,turpis,9,8451.0,2021-06-13 17:55:58,Pending,015 Kim Plaza
753,60,Waite,Cammoile,405,id ligula,8,2672.0,2021-12-28 18:40:22,Delivered,19459 Texas Hill
754,276,Saundra,McShane,33,posuere,3,2871.0,2021-06-29 05:09:33,Pending,6 Loeprich Crossing
755,766,Abramo,Patullo,716,sapien sapien,4,1436.0,2021-10-30 23:00:06,Pending,526 Ilene Terrace
756,913,Lewie,Hearl,445,gravida nisi,6,3498.0,2022-04-06 07:18:17,Pre-Shipment,24834 Browning Hill
757,874,Arther,Boriston,794,vivamus in,4,3968.0,2021-10-12 08:36:19,Delivered,36934 Novick Point
758,805,Annmaria,Christophle,726,neque,9,7443.0,2021-10-30 18:26:58,Delivered,5 Stone Corner Crossing
759,422,Bernardina,Gebbie,811,habitasse platea,2,1876.0,2021-09-11 05:00:03,Pre-Shipment,8998 Westport Park
760,412,Abbot,Haberfield,228,dapibus,7,6797.0,2021-10-28 22:36:18,Delivered,9 Hagan Park
761,925,Trixie,Raatz,136,nam congue risus,9,2259.0,2021-12-27 21:36:36,Pending,50369 Meadow Ridge Terrace
762,343,Flynn,Corter,971,non mauris,9,5040.0,2021-12-13 23:21:58,Cancelled,146 Thackeray Alley
763,769,Burton,Pallatina,302,eget massa tempor,1,792.0,2021-06-03 08:24:27,Delivered,2 Bashford Avenue
764,15,Chaddie,Bolino,204,amet eleifend pede,10,3620.0,2022-03-13 01:45:36,Delivered,42 Prairie Rose Avenue
765,565,Tommy,Furley,880,consequat ut nulla,6,2394.0,2021-08-06 21:13:04,Pending,794 Truax Pass
766,837,Lonni,Bottlestone,789,pede ullamcorper augue,5,3575.0,2022-03-08 21:13:48,Delivered,347 6th Pass
767,530,Scot,Isaaksohn,240,odio,1,698.0,2022-05-25 22:44:52,Delivered,35 Kim Plaza
768,104,Latisha,Beddie,666,non,2,550.0,2021-12-09 00:27:02,Delivered,50 Paget Parkway
769,760,Viole,Thunderman,544,nec nisi vulputate,1,796.0,2021-08-13 15:52:02,Delivered,355 Katie Road
770,90,Jonis,Claiden,395,dui proin,7,1659.0,2022-01-21 01:03:19,Delivered,87731 Acker Trail
771,45,Walsh,Rapelli,147,sed vel enim,5,1720.0,2022-01-31 17:25:50,Delivered,449 Kipling Crossing
772,723,Travus,Berrill,732,quam a odio,7,6125.0,2021-08-25 07:06:00,Delivered,28341 Fairview Avenue
773,489,Lilyan,Musker,108,massa tempor,2,662.0,2022-06-09 23:06:35,Delivered,80 Lotheville Drive
774,65,Gaultiero,Moyer,919,donec diam neque,1,819.0,2021-09-21 20:32:28,Unshipped,4223 Homewood Alley
775,635,Maurine,Hamshaw,871,congue diam id,2,944.0,2022-01-13 14:53:19,Delivered,8 Warbler Drive
776,419,Lucienne,Spuffard,964,ultrices,6,4932.0,2022-06-23 16:51:24,Delivered,446 Moland Drive
777,889,Gerardo,Barbey,772,orci luctus,8,6864.0,2021-10-20 09:55:31,Delivered,4070 Eastlawn Place
778,663,Deidre,Satterley,652,tempor convallis nulla,5,3195.0,2022-03-27 13:11:46,Delivered,97328 Mitchell Park
779,582,Hollie,Beech,572,cum sociis natoque,1,366.0,2022-06-21 08:46:15,Pre-Shipment,1 Corscot Drive
780,708,Egan,Delepine,402,feugiat non pretium,7,5432.0,2021-07-02 08:46:22,Pending,8 Eagle Crest Hill
781,484,Timmi,Dorgon,810,amet nunc viverra,10,8230.0,2022-04-21 01:06:03,Cancelled,2 Nelson Plaza
782,253,Tracey,Spring,706,placerat praesent blandit,9,3744.0,2022-01-12 08:43:48,Delivered,2 Dryden Road
783,449,Werner,Sibyllina,312,posuere cubilia curae,4,1160.0,2021-11-07 17:41:04,Unshipped,61 Schiller Way
784,259,Jonah,Brotherhed,750,lectus,10,6120.0,2021-11-11 05:49:12,Pending,8 Orin Circle
785,662,Dolley,Phillip,941,vel sem sed,10,8520.0,2022-05-05 16:32:48,Delivered,35689 Corry Street
786,284,Illa,Fucher,520,in purus eu,10,4350.0,2021-08-26 12:16:14,Unshipped,6 Hintze Junction
787,519,Dorrie,Hurdman,865,penatibus,10,9890.0,2022-06-04 14:01:07,Delivered,63817 Armistice Parkway
788,692,Terrijo,Auletta,241,quam turpis,5,2445.0,2021-10-29 08:16:35,Delivered,703 Barby Court
789,599,Reggie,Dovidian,227,ullamcorper,3,2025.0,2021-09-04 23:03:39,Delivered,0 Brentwood Lane
790,585,Nessy,Kestin,469,mauris,10,9970.0,2022-04-05 04:08:52,Delivered,36432 Cordelia Road
791,46,Max,Bourdis,771,risus,7,6797.0,2022-03-19 15:32:16,Pending,89638 Fieldstone Court
792,129,Meredithe,Vaudre,7,a,7,2345.0,2022-04-26 07:36:30,Pending,0067 International Avenue
793,157,Rey,Moppett,364,volutpat eleifend,2,1114.0,2022-05-26 14:32:13,Delivered,1557 Anthes Alley
794,918,Duncan,Cornillot,91,faucibus,7,3122.0,2022-03-11 03:35:52,Delivered,55092 6th Terrace
795,946,Rustin,Bark,103,est,3,561.0,2022-03-02 16:13:25,Pre-Shipment,3 Dexter Hill
796,268,Amanda,Dubique,650,amet nulla,1,360.0,2022-03-08 23:54:52,Delivered,24 Lindbergh Center
797,829,Hayes,Greves,195,bibendum morbi non,8,1632.0,2022-03-13 04:19:42,Delivered,51 Darwin Terrace
798,779,Andy,Evamy,437,praesent id,10,7350.0,2021-08-02 02:34:38,Pending,86 Drewry Parkway
799,566,Nathalie,Dunphy,424,tempus semper,3,2241.0,2021-12-21 22:35:24,Delivered,771 Scott Junction
800,697,Pietrek,Briggs,790,imperdiet,9,8019.0,2021-12-28 21:01:41,Pre-Shipment,21372 Pleasure Drive
801,937,Scotti,Getcliff,622,nulla,9,6696.0,2021-11-04 08:48:47,Delivered,55 Ilene Alley
802,948,Aurilia,Kobera,267,odio justo sollicitudin,2,420.0,2022-02-11 09:55:34,Delivered,20984 Burrows Center
803,333,Emmye,Attenbarrow,942,in,7,6132.0,2021-06-09 08:45:35,Pending,2 Morningstar Road
804,391,Alisander,Cyster,244,habitasse platea,8,6120.0,2021-08-23 23:47:29,Delivered,33972 Sutteridge Plaza
805,72,Sophey,Gonzalo,711,curae donec pharetra,9,4518.0,2021-08-10 15:58:20,Delivered,858 Blue Bill Park Point
806,581,Dave,Kigelman,689,id,7,3997.0,2022-02-10 09:23:37,Pre-Shipment,7209 Carpenter Road
807,111,De,Hischke,374,aliquam sit amet,10,2570.0,2021-09-11 02:04:54,Unshipped,6 Green Alley
808,157,Rey,Moppett,144,lorem,5,3845.0,2021-09-13 13:42:54,Unshipped,1557 Anthes Alley
809,51,Doroteya,Kears,110,nisi volutpat eleifend,4,1236.0,2022-01-18 14:39:30,Delivered,7 Homewood Court
810,769,Burton,Pallatina,85,curabitur,3,912.0,2021-09-25 19:58:54,Pending,2 Bashford Avenue
811,473,Kirsten,MacKowle,266,vestibulum velit id,2,892.0,2021-08-20 00:33:57,Delivered,8 Kipling Drive
812,705,Ailee,Kieff,759,lectus,9,8730.0,2021-06-20 22:17:50,Cancelled,794 Schmedeman Terrace
813,953,Timi,Aronoff,130,enim blandit,7,6832.0,2022-02-24 09:51:22,Delivered,725 Becker Place
814,578,Dagmar,Jertz,213,tristique est,7,1659.0,2021-06-14 14:48:09,Pending,080 Autumn Leaf Trail
815,121,Sylvan,Grabb,572,cum sociis natoque,2,1176.0,2022-04-16 16:54:27,Delivered,073 Debs Parkway
816,237,Janaye,Sainsbury,73,in felis,7,1176.0,2022-03-09 21:01:10,Pre-Shipment,3738 Barnett Crossing
817,218,Cinderella,Dulinty,361,tempor turpis,7,4669.0,2021-12-30 18:43:38,Delivered,42482 Jackson Trail
818,102,Costa,Cominetti,616,vulputate nonummy maecenas,5,2325.0,2021-07-06 00:47:36,Delivered,2 Shoshone Street
819,92,Dwayne,Benford,388,congue,2,452.0,2021-07-24 03:10:51,Delivered,08 Banding Way
820,273,Faina,Groneway,471,vulputate elementum,3,861.0,2021-11-28 06:47:01,Delivered,0218 Ridge Oak Avenue
821,452,Nealson,Morton,571,eu massa donec,6,2970.0,2021-10-26 04:44:29,Delivered,60 Commercial Alley
822,94,Allegra,Friend,623,porttitor lacus,5,3305.0,2021-06-07 10:21:02,Delivered,5 Lillian Center
823,69,Bartie,Soulsby,466,felis,9,8550.0,2022-02-18 23:57:41,Delivered,37757 Tennessee Park
824,794,Lettie,Bonnavant,777,pellentesque,7,931.0,2021-09-13 16:05:27,Delivered,251 Maryland Road
825,393,Greer,Verrico,23,nam,9,3339.0,2021-09-18 23:09:41,Pre-Shipment,9545 Loeprich Drive
826,358,Evvy,Waterdrinker,354,eleifend pede libero,2,726.0,2022-04-04 11:59:15,Delivered,355 Farragut Plaza
827,417,Conrado,De Haven,521,magna,4,3360.0,2021-07-24 08:23:51,Delivered,566 Dawn Junction
828,934,Joella,Weich,103,est,7,5544.0,2021-08-15 04:39:07,Delivered,2311 Saint Paul Circle
829,977,Loni,Oglevie,833,a,1,634.0,2021-08-03 13:47:22,Delivered,5406 Erie Crossing
830,340,Ferrel,Hawler,264,pulvinar lobortis,9,7812.0,2022-03-06 14:26:41,Unshipped,77351 Jenifer Hill
831,253,Tracey,Spring,509,lobortis sapien sapien,4,2556.0,2022-03-05 10:19:56,Delivered,2 Dryden Road
832,18,Pier,Pocock,79,turpis eget,8,2800.0,2021-08-26 22:12:08,Delivered,640 Paget Alley
833,53,Diena,Cecchetelli,473,mauris ullamcorper,1,945.0,2021-10-23 06:23:11,Delivered,568 Elmside Plaza
834,71,Penni,Grahlmans,417,interdum mauris,5,4750.0,2022-02-17 00:23:13,Delivered,29 Coleman Terrace
835,685,Gianina,Glancey,615,consectetuer,1,911.0,2022-02-17 13:04:30,Cancelled,33438 Burning Wood Junction
836,29,Aleksandr,Sprasen,573,enim leo rhoncus,2,1736.0,2022-05-03 08:55:09,Delivered,186 David Alley
837,679,Benson,Eskrigge,502,amet,4,3480.0,2022-05-20 11:20:45,Delivered,3908 Rigney Road
838,904,Larisa,Neeves,697,consequat,7,6398.0,2022-07-09 04:36:16,Delivered,08295 Menomonie Lane
839,636,Leonora,Popplestone,329,ultrices phasellus id,3,1278.0,2021-10-19 19:12:03,Delivered,95575 Hooker Way
840,932,Riordan,Wibrow,476,aliquam,4,540.0,2022-04-20 05:27:29,Pending,0836 Golf Course Road
841,243,Colman,Normanville,731,sed sagittis,7,2583.0,2022-02-15 14:56:29,Delivered,9558 Eagan Lane
842,670,Dyane,Sivil,866,ut nulla,3,1632.0,2021-10-18 11:01:50,Delivered,73 Buell Point
843,878,Raimondo,Milkeham,555,nulla suspendisse,6,1170.0,2021-10-24 16:31:47,Pending,12950 Prairieview Park
844,459,Fey,McTague,845,habitasse platea dictumst,9,2952.0,2022-02-05 19:26:38,Pre-Shipment,172 Susan Place
845,639,Justen,Clowney,914,mollis molestie,3,2511.0,2022-02-18 04:38:44,Delivered,884 Manley Junction
846,215,Hebert,Ashbey,322,dolor morbi vel,4,2168.0,2021-11-28 04:46:13,Delivered,96 Westerfield Pass
847,302,Katrina,Tindall,477,cubilia curae,10,5240.0,2022-05-23 12:34:31,Delivered,71 Stoughton Drive
848,46,Max,Bourdis,390,duis,1,714.0,2022-04-29 06:10:04,Unshipped,89638 Fieldstone Court
849,856,Arlene,Beggi,825,ligula,3,1209.0,2022-03-15 15:49:26,Pre-Shipment,07979 Buena Vista Parkway
850,643,Coreen,Brugman,959,luctus,10,6100.0,2021-11-24 12:01:58,Pending,2 Norway Maple Junction
851,962,Archibald,Abrahams,898,diam vitae quam,10,7750.0,2021-12-01 19:34:07,Pending,75 Ilene Court
852,120,Sheeree,Hansford,7,a,5,4105.0,2021-08-03 01:00:20,Delivered,98 Merrick Center
853,982,Davis,Dreger,913,id,6,1902.0,2021-09-11 22:32:08,Delivered,7398 Schiller Point
854,244,Christean,Spoole,558,luctus et,4,2396.0,2022-03-05 22:38:26,Pending,2 Arapahoe Terrace
855,167,Vachel,Marte,930,posuere,3,2031.0,2021-12-25 08:20:09,Pending,2216 Transport Hill
856,185,Wyn,Renals,24,pulvinar lobortis est,8,3688.0,2022-03-09 04:16:19,Delivered,3 Reinke Avenue
857,415,Corty,Gatman,638,in lectus pellentesque,5,2645.0,2021-09-21 13:16:16,Delivered,830 Village Green Avenue
858,355,Preston,Chomicz,673,at,2,1430.0,2022-04-19 02:44:40,Delivered,213 Claremont Hill
859,119,Peyton,Bras,530,volutpat,10,5860.0,2021-10-30 19:50:38,Pending,998 Eggendart Center
860,448,Burlie,Linay,931,in,1,850.0,2022-05-22 16:39:31,Delivered,5 Northview Pass
861,601,Sonnnie,Stanyer,341,congue eget semper,7,3374.0,2021-09-09 20:56:21,Pending,310 Rusk Street
862,169,Berny,Paterno,956,interdum mauris ullamcorper,1,180.0,2021-06-10 14:39:49,Pending,1233 Huxley Place
863,567,Gustave,Dewberry,380,lectus,1,188.0,2021-06-22 10:14:17,Delivered,258 Roxbury Avenue
864,822,Quinta,Frank,363,magnis dis parturient,4,3488.0,2022-03-28 19:40:38,Delivered,86846 Trailsway Avenue
865,149,Feliza,Coldbath,799,eget eleifend,6,702.0,2021-08-09 02:48:22,Pending,28738 Farmco Lane
866,675,Emmy,Mayberry,345,erat,1,370.0,2021-06-04 18:49:51,Pre-Shipment,18 Haas Pass
867,371,Imelda,Billington,610,pellentesque viverra pede,3,1326.0,2022-03-20 23:04:13,Delivered,13854 Marquette Lane
868,83,Kiele,Scully,748,lobortis,8,7824.0,2022-04-20 16:54:35,Delivered,0 Amoth Road
869,473,Kirsten,MacKowle,340,lacus purus,8,6016.0,2022-03-02 14:05:48,Delivered,8 Kipling Drive
870,210,Lucias,Drain,586,interdum,6,5136.0,2022-03-30 06:24:52,Pre-Shipment,73 Di Loreto Junction
871,394,Tracie,MacAree,291,ut suscipit,7,5327.0,2022-03-29 12:03:48,Pre-Shipment,37002 Brentwood Pass
872,82,Timothea,Geistmann,852,hac habitasse,7,3864.0,2022-01-09 15:52:22,Delivered,48648 Meadow Ridge Hill
873,704,Yule,Jailler,348,imperdiet,6,2820.0,2022-05-14 09:28:00,Pending,43 Melvin Plaza
874,138,Yetty,Bendson,722,sit amet,4,3592.0,2022-03-14 22:52:32,Delivered,0 Shopko Road
875,865,Angelita,Pinching,182,cubilia curae nulla,3,1251.0,2021-12-04 23:26:10,Pre-Shipment,9825 Corben Road
876,465,Danielle,Bartel,48,ut nunc,7,756.0,2021-07-24 21:09:07,Delivered,75958 Debs Place
877,69,Bartie,Soulsby,286,massa id,8,5456.0,2021-10-21 21:56:13,Delivered,37757 Tennessee Park
878,814,Taite,Mosten,161,risus,7,6041.0,2021-11-25 20:24:54,Pending,824 Buhler Street
879,224,Bram,Tidgewell,149,dignissim,1,153.0,2022-04-24 15:44:54,Delivered,684 Onsgard Hill
880,863,Virge,Dallosso,331,diam,1,969.0,2021-07-13 16:24:15,Pending,49 Rutledge Alley
881,750,Bevan,Brockie,449,praesent blandit lacinia,9,6876.0,2021-12-10 21:12:36,Pending,4406 Laurel Drive
882,730,Robyn,Napleton,56,scelerisque quam,9,8541.0,2021-07-07 21:37:23,Delivered,98931 Canary Circle
883,898,Izzy,Grebert,844,rutrum ac lobortis,2,1574.0,2021-10-18 03:26:02,Delivered,7 Emmet Trail
884,23,Ardra,Tebbit,862,ac leo,5,1005.0,2021-08-13 04:35:42,Unshipped,67 Butternut Avenue
885,673,Tallou,Rapelli,936,fusce consequat nulla,4,3456.0,2022-01-12 14:39:36,Delivered,97191 Kim Lane
886,556,Saleem,Goundry,370,amet sapien,5,3030.0,2022-07-09 05:05:40,Delivered,06780 Lindbergh Court
887,936,Muffin,Sherlock,984,sociis natoque penatibus,7,4340.0,2022-01-25 09:31:43,Delivered,6909 Schiller Road
888,756,Mallory,Spinnace,26,duis faucibus accumsan,6,3102.0,2021-06-29 20:47:28,Delivered,82 Old Gate Place
889,374,Austin,Kidds,283,accumsan,7,5908.0,2021-09-03 14:39:59,Delivered,2 Farragut Alley
890,884,Margi,Eseler,822,donec,5,1695.0,2022-03-02 23:02:40,Pre-Shipment,3052 Troy Alley
891,295,Vidovic,Roscher,484,adipiscing molestie hendrerit,1,672.0,2021-07-22 16:08:31,Unshipped,933 Artisan Center
892,349,Kaylee,Strugnell,165,duis,1,211.0,2021-10-27 20:35:27,Delivered,10 Sloan Plaza
893,228,Milly,Backler,393,augue a,1,543.0,2022-06-19 11:52:05,Delivered,428 Larry Place
894,230,Meredith,Tewkesbury,710,montes nascetur ridiculus,7,2282.0,2022-03-08 14:39:41,Delivered,52 Carioca Avenue
895,541,Gardner,Iwanowski,155,et magnis,1,281.0,2022-06-20 09:17:07,Delivered,23 Lotheville Plaza
896,62,Karoly,Foottit,249,erat quisque,6,3288.0,2022-02-02 07:00:43,Delivered,24 Lighthouse Bay Lane
897,449,Werner,Sibyllina,853,tincidunt lacus,2,362.0,2022-04-18 08:34:05,Unshipped,61 Schiller Way
898,813,Bernita,Goldthorpe,100,luctus et ultrices,2,342.0,2021-07-05 20:13:37,Unshipped,23677 Village Road
899,207,Penelopa,Flay,528,felis,5,4675.0,2021-10-03 06:35:13,Unshipped,9 Golf View Trail
900,773,Donovan,Hurdis,668,neque vestibulum eget,2,1690.0,2022-04-07 13:37:03,Delivered,1 Paget Alley
901,355,Preston,Chomicz,944,dapibus augue,2,1934.0,2022-03-28 13:48:38,Delivered,213 Claremont Hill
902,105,Jodi,Valentelli,162,pretium iaculis,5,3170.0,2021-07-08 16:43:17,Delivered,175 Marquette Pass
903,250,Roxanne,Erlam,285,morbi porttitor,10,3510.0,2022-01-07 18:37:58,Delivered,215 Sachs Drive
904,740,Bentley,Binding,129,at nulla suspendisse,5,3040.0,2021-11-07 15:11:51,Pending,2 Mariners Cove Way
905,373,Rosalinde,Roy,723,ut,3,2964.0,2021-12-09 10:49:32,Unshipped,0527 Montana Center
906,138,Yetty,Bendson,814,suscipit,2,1240.0,2022-04-01 12:01:40,Delivered,0 Shopko Road
907,399,Johna,McGiffin,823,augue vel,5,2665.0,2021-08-05 04:23:31,Delivered,833 Beilfuss Point
908,663,Deidre,Satterley,467,tellus nisi,3,2865.0,2021-12-11 12:22:37,Delivered,97328 Mitchell Park
909,393,Greer,Verrico,166,in,8,6616.0,2021-11-20 01:37:31,Unshipped,9545 Loeprich Drive
910,531,Dulce,Bembridge,778,tincidunt nulla mollis,10,6730.0,2022-01-25 15:17:19,Delivered,8 Acker Parkway
911,398,Andrus,Carlett,976,nec nisi volutpat,4,1204.0,2021-06-03 00:24:49,Delivered,352 Forest Dale Road
912,514,Caralie,Mc-Kerley,662,cursus urna,7,6335.0,2022-03-11 20:37:59,Delivered,7591 Tony Plaza
913,114,Carter,Dunkersley,959,luctus,5,1710.0,2021-08-28 00:34:40,Cancelled,9 Garrison Way
914,332,Jessie,Butland,680,libero nam dui,4,2956.0,2022-07-08 00:58:21,Delivered,2647 Shasta Road
915,693,Bordie,Petrillo,663,faucibus accumsan,7,6314.0,2022-03-18 16:24:18,Pending,25 Corry Lane
916,94,Allegra,Friend,772,orci luctus,6,4518.0,2022-06-14 01:40:31,Delivered,5 Lillian Center
917,406,Hal,Stollsteimer,230,donec odio,10,1820.0,2022-06-28 00:14:31,Delivered,222 Oneill Court
918,51,Doroteya,Kears,967,vel,8,2864.0,2021-06-22 14:12:31,Delivered,7 Homewood Court
919,671,Kalina,Markel,644,nec,9,4689.0,2021-10-19 06:16:52,Delivered,2 Marcy Drive
920,943,Courtnay,Tolcher,157,convallis eget,10,5800.0,2022-05-15 06:47:36,Delivered,34212 Schurz Crossing
921,662,Dolley,Phillip,482,proin at turpis,9,5292.0,2021-12-18 07:54:45,Pre-Shipment,35689 Corry Street
922,120,Sheeree,Hansford,630,integer,7,6804.0,2022-04-08 05:59:39,Delivered,98 Merrick Center
923,668,Sheffy,Costin,242,nisl duis,5,1505.0,2021-09-29 20:04:40,Pre-Shipment,98226 Kennedy Junction
924,652,Aldous,Ducker,313,pellentesque quisque porta,6,4518.0,2022-04-23 11:56:42,Delivered,6265 Rockefeller Street
925,60,Waite,Cammoile,599,odio in,5,2640.0,2022-02-03 01:48:35,Unshipped,19459 Texas Hill
926,831,Dusty,Karby,919,donec diam neque,5,2675.0,2021-12-25 04:02:59,Delivered,835 East Parkway
927,717,Darnall,Clinton,470,in,3,2550.0,2021-07-17 14:46:56,Cancelled,8 Mcguire Avenue
928,387,Ivory,Mancktelow,105,vestibulum ante,2,1888.0,2021-07-27 05:05:20,Delivered,6139 Magdeline Pass
929,999,Barr,Brandrick,632,nulla tellus in,6,1830.0,2021-07-23 17:01:12,Pending,73 Bobwhite Street
930,119,Peyton,Bras,389,nulla,10,9790.0,2022-05-20 12:40:40,Cancelled,998 Eggendart Center
931,146,Quintilla,Anton,612,laoreet,2,250.0,2022-03-07 04:07:14,Delivered,526 Morningstar Drive
932,183,Moria,Siburn,91,faucibus,4,3860.0,2022-05-12 21:31:12,Cancelled,9043 Armistice Alley
933,751,Dolli,Winterbotham,585,sed nisl,5,2325.0,2021-11-06 01:37:31,Delivered,77726 Park Meadow Plaza
934,995,Rufus,Paulino,116,blandit lacinia erat,4,436.0,2022-05-24 04:38:20,Pre-Shipment,09379 Prentice Road
935,600,Avigdor,Gregoli,456,dis parturient montes,1,476.0,2021-10-26 01:26:16,Delivered,4253 Blaine Place
936,436,Fran,Josupeit,135,cum,2,1666.0,2021-10-08 04:15:40,Delivered,609 Larry Trail
937,612,Karlene,Buckler,968,potenti nullam porttitor,5,1820.0,2021-07-27 15:16:58,Pre-Shipment,04 Farmco Road
938,73,Bronnie,Proske,692,vel augue,4,2068.0,2021-12-07 10:32:10,Delivered,18 Linden Alley
939,750,Bevan,Brockie,412,bibendum imperdiet nullam,7,5229.0,2021-07-15 07:33:48,Pre-Shipment,4406 Laurel Drive
940,446,Carlos,Blyth,842,ante ipsum primis,8,7776.0,2022-06-22 23:34:56,Pending,7389 Graedel Pass
941,633,Kearney,Puvia,894,lacus at,10,8780.0,2021-07-08 01:55:55,Pre-Shipment,132 Main Plaza
942,501,Jennine,Daviot,391,leo pellentesque ultrices,10,5500.0,2022-03-14 15:38:18,Unshipped,6006 Dakota Park
943,665,Corey,Hawlgarth,678,massa,1,533.0,2022-05-24 06:53:57,Pre-Shipment,4 Sunnyside Place
944,28,Moss,Lantuffe,549,lectus,2,732.0,2022-04-09 12:09:56,Delivered,0 Mockingbird Center
945,745,Joye,Muscat,701,proin,7,3472.0,2021-08-04 18:29:05,Delivered,2 Warbler Junction
946,187,Leeann,Simmen,839,nulla ultrices,4,524.0,2022-05-09 19:14:08,Pre-Shipment,92543 Superior Way
947,503,Pierrette,Robbey,685,in hac habitasse,7,1743.0,2021-08-04 12:17:22,Delivered,2152 Pankratz Crossing
948,185,Wyn,Renals,668,neque vestibulum eget,6,2502.0,2021-08-01 17:02:51,Pre-Shipment,3 Reinke Avenue
949,525,Den,Heaney`,564,interdum mauris,10,4300.0,2022-07-08 13:36:29,Unshipped,71646 Spohn Alley
950,635,Maurine,Hamshaw,331,diam,9,3267.0,2021-06-29 20:47:00,Pre-Shipment,8 Warbler Drive
951,477,Geoffrey,Arends,477,cubilia curae,4,2764.0,2022-05-16 11:52:44,Unshipped,66886 Dakota Pass
952,109,Alvina,Heersma,954,sem,2,1736.0,2021-12-29 13:53:13,Delivered,1468 Steensland Avenue
953,605,Dinny,Stickney,248,leo rhoncus,3,366.0,2022-03-09 08:08:57,Delivered,0992 Jana Center
954,17,Jessalyn,Corsham,125,turpis adipiscing lorem,9,8298.0,2022-07-12 14:34:50,Delivered,33 Westend Terrace
955,450,Karmen,Ganforth,349,tincidunt nulla mollis,3,1317.0,2021-08-28 10:43:11,Delivered,150 Fordem Pass
956,352,Mal,Cino,324,elementum pellentesque,6,3786.0,2021-09-19 04:03:59,Delivered,956 Gateway Crossing
957,490,Ame,Mein,892,volutpat erat,5,2775.0,2022-04-01 01:34:57,Delivered,2 Blue Bill Park Park
958,900,Eolande,Fry,428,mauris vulputate,4,1884.0,2021-12-26 04:34:55,Unshipped,474 Elmside Trail
959,603,Werner,Onthank,20,eu nibh,7,1295.0,2021-06-17 14:04:29,Delivered,710 Springs Crossing
960,651,Pegeen,Turk,670,mi in,8,4416.0,2021-10-19 10:07:52,Delivered,82625 Schlimgen Avenue
961,468,Tabitha,Folbig,676,nulla tempus vivamus,10,6950.0,2021-08-18 15:59:30,Pre-Shipment,85750 Paget Lane
962,716,Diego,Duferie,277,odio justo sollicitudin,7,2793.0,2021-12-17 06:22:30,Pending,948 Westridge Plaza
963,428,Gene,Studdert,935,nunc rhoncus dui,2,826.0,2021-10-27 23:08:07,Pre-Shipment,3936 Eagan Plaza
964,332,Jessie,Butland,25,proin eu mi,7,4949.0,2022-05-28 01:42:28,Pending,2647 Shasta Road
965,161,Daveen,Laville,776,eget orci vehicula,6,4608.0,2022-05-23 20:31:17,Delivered,8947 Mendota Way
966,66,Frannie,Glackin,894,lacus at,5,2635.0,2021-06-06 00:33:20,Delivered,344 Johnson Lane
967,559,Ransell,Buye,519,habitasse platea dictumst,9,8838.0,2021-08-10 20:53:37,Cancelled,78 Butternut Hill
968,188,Joscelin,Shave,54,vitae nisl,9,2835.0,2022-02-21 02:11:02,Cancelled,437 Fremont Drive
969,920,Adora,Gallaway,578,sed accumsan felis,7,2919.0,2021-11-03 21:01:44,Cancelled,951 Daystar Court
970,79,Ira,Still,879,auctor sed tristique,9,2241.0,2021-10-13 09:38:05,Cancelled,9 Shopko Park
971,262,Fawn,Briffett,108,massa tempor,8,7672.0,2021-12-06 16:26:43,Delivered,987 Northfield Pass
972,266,Ev,Le Fevre,757,at lorem integer,4,1104.0,2022-04-02 00:09:27,Delivered,43 Eggendart Park
973,779,Andy,Evamy,644,nec,6,2208.0,2021-10-30 11:21:50,Delivered,86 Drewry Parkway
974,149,Feliza,Coldbath,253,augue vestibulum rutrum,10,6500.0,2022-04-30 05:33:59,Delivered,28738 Farmco Lane
975,536,Northrup,Boken,55,mauris,1,348.0,2022-05-04 13:40:57,Delivered,91808 Washington Point
976,175,Bidget,Bowdon,555,nulla suspendisse,4,2044.0,2021-08-05 17:28:09,Delivered,804 Erie Drive
977,907,Holly,Le-Good,877,felis sed,10,4410.0,2022-04-15 15:32:50,Pre-Shipment,17831 Comanche Alley
978,198,Mel,Gooble,922,ultrices enim,1,959.0,2021-12-06 20:58:12,Delivered,37 Oxford Point
979,49,Baxie,Darton,948,ipsum,5,1730.0,2021-10-10 21:53:51,Delivered,41062 Maywood Park
980,261,Umberto,Bentz,439,curabitur in libero,10,4650.0,2022-02-28 16:52:28,Unshipped,0451 Butternut Junction
981,171,Midge,Wharlton,640,aliquam convallis,5,1660.0,2022-01-13 20:32:59,Delivered,1486 Canary Drive
982,867,Madelaine,Stove,304,faucibus,5,3925.0,2022-04-18 08:05:41,Pending,10279 Eagan Street
983,393,Greer,Verrico,916,nisi venenatis tristique,10,4900.0,2022-04-22 01:05:31,Pre-Shipment,9545 Loeprich Drive
984,385,Perl,Gosnold,379,libero ut massa,2,1028.0,2021-06-08 15:00:38,Pre-Shipment,77488 Hansons Point
985,569,Leontine,Pougher,903,aliquet,6,2946.0,2021-12-07 16:38:21,Delivered,1403 Karstens Place
986,731,Bunnie,Fetherstan,111,ipsum,1,567.0,2021-11-20 21:55:52,Cancelled,2 Spaight Alley
987,315,Kyrstin,Fullylove,137,tellus in,5,4475.0,2022-05-12 19:09:33,Delivered,46438 Lakewood Gardens Plaza
988,791,Tanhya,Gillham,237,elementum pellentesque,4,1036.0,2021-10-27 09:25:48,Pending,8151 Troy Way
989,910,Gustaf,Pogg,35,convallis eget eleifend,6,5352.0,2021-10-04 13:28:36,Delivered,33111 Lakeland Junction
990,935,Dodi,Lowen,947,in,1,622.0,2021-07-11 14:26:11,Delivered,96307 Lien Point
991,977,Loni,Oglevie,261,pulvinar,3,1977.0,2022-04-10 19:04:14,Delivered,5406 Erie Crossing
992,193,Gnni,Trivett,821,nullam varius nulla,4,1072.0,2021-08-11 00:03:14,Delivered,83 Summer Ridge Street
993,86,Lezlie,Labrum,493,pede libero,2,1964.0,2021-08-10 18:54:23,Delivered,25 Bayside Street
994,864,Si,Devine,687,eget eleifend luctus,1,334.0,2022-01-14 13:06:43,Delivered,7 Rusk Pass
995,411,Blaine,Grut,424,tempus semper,7,4109.0,2021-12-16 00:07:16,Pending,09629 Roxbury Pass
996,342,Rozalin,Sutherland,589,non velit nec,8,5032.0,2022-02-16 06:48:24,Delivered,4246 Briar Crest Terrace
997,872,Tracie,Kerbler,673,at,2,1868.0,2021-09-29 21:43:26,Pending,66 Granby Lane
998,87,Corine,Gonnel,175,imperdiet,1,737.0,2021-07-15 21:07:15,Delivered,19 Lakewood Gardens Alley
999,755,Anne-corinne,Hibling,255,justo,4,3084.0,2021-07-27 18:44:59,Delivered,88128 Tomscot Drive
1000,181,Bernard,Godlip,413,aliquam sit amet,9,3726.0,2021-12-07 05:45:39,Delivered,9434 Bobwhite Point
1001,3,Gale,Tomenson,5,velit eu est,6,21381156.0,1992-01-16 00:00:00,Pre-Shipment,8 Paget Avenue
