id,name,manufacturer,category,In-Stock,AvgRating,Returnable,DaysToReturn
1,sollicitudin,"Howell, Hintz and Gerlach",Toys & Games,46,4.53,Returnable,19
2,gravida,Schroeder-Maggio,Books,15,4.86,Exchange-Only,15
3,nibh,Cremin and Sons,Books,96,3.31,Returnable,16
4,penatibus et,"Christiansen, Dickinson and Ritchie",Books,22,3.36,Exchange-Only,19
5,velit eu est,"Howell, Franecki and Funk",Clothing,98,3.88,Not Returnable,-
6,dapibus duis at,Wehner and Sons,Toys & Games,6,2.41,Returnable,15
7,pretium,Kutch and Sons,Toys & Games,43,4.37,Returnable,8
8,vestibulum proin,"Gislason, Bosco and Kuvalis",Clothing,85,4.39,Returnable,16
9,augue aliquam erat,Sawayn Inc,Cell Phones & Accessories,16,0.17,Returnable,6
10,iaculis,"Witting, Hoeger and Crooks",Appliances,62,2.65,Not Returnable,-
11,cubilia curae,Bahringer Inc,Household & Baby Care,53,0.55,Returnable,13
12,vel,"Veum, Berge and Swaniawski",Cell Phones & Accessories,69,2.85,Returnable,20
13,tempor,Kautzer-Kohler,Sports & Outdoors,64,0.93,Exchange-Only,2
14,aliquam non,Stiedemann-Herzog,Sports & Outdoors,71,4.6,Exchange-Only,19
15,tempus,"Prosacco, Cassin and Waelchi",Electronics,84,2.63,Returnable,20
16,pellentesque,Balistreri Inc,Sports & Outdoors,16,4.75,Returnable,4
17,luctus et,"Cremin, Heller and Grady",Clothing,35,1.77,Returnable,11
18,fusce,"Cronin, Jacobs and Schamberger",Toys & Games,92,4.86,Exchange-Only,6
19,ante vivamus,Walker-Marvin,Home & Kitchen,28,4.76,Returnable,7
20,leo pellentesque,VonRueden-Wolff,Clothing,30,4.91,Returnable,18
21,in,Anderson Inc,Electronics,28,1.36,Returnable,11
22,convallis,Ruecker LLC,Computers,64,4.92,Returnable,19
23,eros vestibulum,"Hudson, Rolfson and Kilback",Computers,70,3.94,Returnable,15
24,non lectus,Considine Group,Appliances,4,4.85,Returnable,13
25,ipsum,Reichel Group,Books,59,4.53,Not Returnable,-
26,vivamus in felis,"Nikolaus, Barton and Nicolas",Home & Kitchen,13,2.68,Not Returnable,-
27,molestie,"Roberts, Keeling and Abbott",Computers,59,1.31,Returnable,16
28,pede lobortis,Mraz-Lemke,Beauty & Personal Care,87,2.59,Returnable,2
29,sit,"Reichel, Ernser and O'Hara",Appliances,83,1.24,Exchange-Only,13
30,eget eros elementum,Hessel LLC,Health,69,0.16,Not Returnable,-
31,proin eu,O'Kon LLC,Health,25,4.44,Not Returnable,-
32,velit,"Botsford, Muller and Kozey",Garden & Outdoor,13,4.87,Returnable,1
33,dui maecenas tristique,"Walsh, Williamson and Hegmann",Grocery & Gourmet Food,18,1.27,Exchange-Only,15
34,fusce lacus purus,Waters and Sons,Cell Phones & Accessories,5,3.89,Returnable,20
35,mauris morbi non,"Bauch, Zieme and Schiller",Beauty & Personal Care,47,2.4,Returnable,8
36,et tempus,Cormier-Heathcote,Household & Baby Care,99,4.95,Exchange-Only,20
37,tempus vel pede,Schmidt LLC,Garden & Outdoor,21,0.91,Returnable,16
38,diam,"Weber, Stehr and Hermiston",Garden & Outdoor,36,0.47,Returnable,18
39,felis fusce,"Crist, Paucek and Hilll",Clothing,91,4.55,Returnable,3
40,et tempus semper,Maggio Group,Grocery & Gourmet Food,86,2.12,Returnable,6
41,natoque penatibus et,Leuschke and Sons,Shoes and Jewelry,33,4.38,Not Returnable,-
42,est,"Bins, Schulist and Kutch",Electronics,78,4.33,Returnable,3
43,nulla,Cassin-Morissette,Electronics,76,4.34,Returnable,1
44,rutrum at,Windler Group,Computers,90,2.64,Returnable,10
45,sollicitudin ut suscipit,Buckridge Inc,Health,94,1.68,Returnable,10
46,amet,Rosenbaum LLC,Cell Phones & Accessories,47,0.25,Not Returnable,-
47,vivamus metus arcu,"Rosenbaum, Kessler and Beahan",Computers,27,4.31,Not Returnable,-
48,odio consequat varius,"Moore, Conn and Goyette",Clothing,87,4.43,Exchange-Only,12
49,ante ipsum primis,Emmerich LLC,Grocery & Gourmet Food,29,4.21,Returnable,20
50,convallis duis consequat,Aufderhar-Willms,Grocery & Gourmet Food,41,4.02,Returnable,17
51,vestibulum ante ipsum,Murazik Group,Home & Kitchen,37,3.22,Returnable,1
52,gravida,Halvorson-Donnelly,Home & Kitchen,67,0.1,Returnable,12
53,magna,Mills Inc,Home & Kitchen,10,3.31,Returnable,5
54,odio,"Cremin, Frami and Hyatt",Beauty & Personal Care,12,3.53,Returnable,19
55,eu est congue,"Ruecker, Bauch and Schultz",Grocery & Gourmet Food,5,2.54,Returnable,9
56,bibendum felis,"Gerhold, Jones and Crist",Clothing,59,4.56,Returnable,6
57,nunc,"Paucek, Wiegand and Metz",Cell Phones & Accessories,58,4.22,Returnable,1
58,in sapien,Toy-Batz,Industrial & Scientific,24,4.25,Exchange-Only,9
59,a,"Mraz, Stokes and Hahn",Clothing,53,3.17,Exchange-Only,17
60,parturient,"Jacobi, Harris and Goodwin",Garden & Outdoor,84,2.98,Not Returnable,-
61,interdum venenatis turpis,"Bosco, Fisher and Littel",Clothing,26,3.78,Returnable,19
62,posuere,"Klocko, Becker and Reichert",Grocery & Gourmet Food,18,0.68,Not Returnable,-
63,sapien,"Wilderman, Conn and O'Hara",Computers,77,4.42,Returnable,6
64,nisi nam ultrices,Shanahan-Blick,Household & Baby Care,1,4.77,Returnable,14
65,morbi,"Macejkovic, Friesen and Weissnat",Appliances,48,3.66,Not Returnable,-
66,est lacinia,Metz Group,Home & Kitchen,17,4.47,Returnable,8
67,tempus,Toy Inc,Garden & Outdoor,73,4.24,Returnable,19
68,ullamcorper,O'Conner and Sons,Cell Phones & Accessories,97,3.9,Returnable,5
69,congue etiam justo,Roob-Lehner,Clothing,59,1.13,Not Returnable,-
70,non,Zboncak-Schaden,Appliances,1,3.6,Not Returnable,-
71,pede posuere,Koepp-Powlowski,Electronics,73,4.0,Returnable,15
72,nulla eget,"Hudson, Nicolas and Mosciski",Beauty & Personal Care,93,4.82,Returnable,4
73,adipiscing,Lakin-Robel,Industrial & Scientific,80,1.38,Returnable,14
74,consectetuer adipiscing elit,Kunde-Effertz,Clothing,51,2.71,Not Returnable,-
75,nec,"Wolff, Rice and Gleason",Health,96,3.03,Not Returnable,-
76,hac habitasse platea,"Hintz, Cummerata and Thompson",Industrial & Scientific,5,3.95,Returnable,19
77,sodales sed tincidunt,McClure and Sons,Home & Kitchen,7,0.45,Returnable,19
78,hac habitasse,Nader-Renner,Books,12,4.78,Returnable,12
79,varius,Marvin LLC,Industrial & Scientific,69,4.55,Not Returnable,-
80,luctus et ultrices,Cassin-Miller,Clothing,56,3.65,Returnable,14
81,elementum,"Pfannerstill, Dicki and Flatley",Books,62,2.23,Returnable,16
82,accumsan odio,Treutel-Nicolas,Toys & Games,23,3.24,Not Returnable,-
83,montes nascetur,Nikolaus-Lebsack,Industrial & Scientific,34,4.36,Returnable,13
84,mauris ullamcorper,Jones and Sons,Garden & Outdoor,31,3.21,Not Returnable,-
85,dapibus duis at,McDermott-Maggio,Clothing,66,4.86,Returnable,1
86,rutrum,Hodkiewicz-McGlynn,Home & Kitchen,33,1.38,Exchange-Only,1
87,praesent id massa,Mohr and Sons,Books,10,1.33,Returnable,8
88,montes,Kreiger-Predovic,Household & Baby Care,22,3.86,Returnable,15
89,curae mauris viverra,"Kunde, Upton and Rath",Cell Phones & Accessories,80,3.16,Not Returnable,-
90,at diam nam,"Murphy, Wolff and Larkin",Health,51,4.27,Returnable,16
91,ut dolor morbi,"McCullough, McLaughlin and Jacobson",Health,86,4.29,Returnable,13
92,mi integer,"Quitzon, Schaden and Hane",Industrial & Scientific,47,4.68,Not Returnable,-
93,tincidunt nulla mollis,Torphy and Sons,Electronics,41,3.5,Not Returnable,-
94,pellentesque eget,"White, Gusikowski and Thiel",Books,20,3.84,Exchange-Only,11
95,sit amet justo,Pollich LLC,Beauty & Personal Care,1,2.95,Returnable,3
96,aliquet,"Koss, Konopelski and McCullough",Toys & Games,91,2.46,Returnable,3
97,metus,Green and Sons,Beauty & Personal Care,90,2.18,Returnable,16
98,odio consequat,"Turcotte, Raynor and Spencer",Grocery & Gourmet Food,75,2.91,Returnable,14
99,montes nascetur ridiculus,Barton-Moore,Grocery & Gourmet Food,35,4.59,Returnable,9
100,suspendisse potenti,Bins LLC,Garden & Outdoor,16,4.24,Not Returnable,-
101,at velit,Blick LLC,Household & Baby Care,87,4.2,Returnable,1
102,turpis,Ernser LLC,Toys & Games,47,2.78,Exchange-Only,9
103,lobortis,Waelchi-Rau,Home & Kitchen,97,4.21,Not Returnable,-
104,felis,Williamson Group,Industrial & Scientific,10,1.5,Returnable,17
105,feugiat,Shields Group,Garden & Outdoor,24,4.73,Returnable,17
106,feugiat,"Swaniawski, Goldner and Waters",Health,47,4.28,Returnable,13
107,vel,Heaney Group,Grocery & Gourmet Food,85,2.18,Not Returnable,-
108,amet cursus id,Kemmer LLC,Garden & Outdoor,38,4.77,Returnable,8
109,at,Morissette LLC,Cell Phones & Accessories,12,4.04,Not Returnable,-
110,vestibulum sit amet,Bogisich Group,Appliances,27,0.35,Returnable,4
111,vivamus in,Bartell-Franecki,Toys & Games,56,2.35,Not Returnable,-
112,odio,Wehner-Ebert,Home & Kitchen,4,3.95,Not Returnable,-
113,amet nulla,Ernser Group,Sports & Outdoors,95,0.75,Returnable,19
114,nulla sed accumsan,Gulgowski LLC,Beauty & Personal Care,31,4.88,Returnable,9
115,rhoncus dui vel,Bartell-Zboncak,Toys & Games,46,3.88,Not Returnable,-
116,adipiscing,O'Conner-Goyette,Household & Baby Care,49,4.18,Not Returnable,-
117,vivamus,Krajcik and Sons,Garden & Outdoor,99,1.02,Returnable,4
118,ipsum ac,"Kris, Corkery and Bins",Shoes and Jewelry,3,4.25,Returnable,7
119,suspendisse accumsan,"Pagac, Bayer and Cronin",Sports & Outdoors,68,2.83,Not Returnable,-
120,ut dolor,Schmitt-MacGyver,Industrial & Scientific,94,2.37,Not Returnable,-
121,accumsan tellus,Pouros-Dare,Grocery & Gourmet Food,67,4.81,Returnable,7
122,aliquam convallis nunc,"Miller, Hintz and Rolfson",Shoes and Jewelry,21,0.14,Exchange-Only,3
123,vel pede morbi,Roberts and Sons,Grocery & Gourmet Food,58,2.66,Returnable,1
124,luctus nec molestie,Von Inc,Sports & Outdoors,14,3.07,Returnable,15
125,vel nisl duis,Marquardt-Reichert,Beauty & Personal Care,93,4.0,Returnable,18
126,convallis,Hand-Sawayn,Health,97,3.83,Returnable,1
127,parturient montes nascetur,"Gutkowski, Turner and Rath",Shoes and Jewelry,71,3.14,Returnable,3
128,augue,"Wyman, Doyle and Price",Electronics,68,2.39,Exchange-Only,20
129,vestibulum sit,Jacobs-Zboncak,Electronics,43,1.44,Not Returnable,-
130,non,Kirlin-Berge,Garden & Outdoor,72,2.89,Returnable,18
131,nulla dapibus dolor,"Murray, Marks and Schuppe",Clothing,97,4.67,Returnable,19
132,nulla dapibus,Emmerich Group,Garden & Outdoor,89,4.27,Returnable,5
133,blandit nam,Jerde-Gleichner,Household & Baby Care,92,2.0,Returnable,16
134,dis,"Schoen, McLaughlin and Turcotte",Beauty & Personal Care,8,3.27,Not Returnable,-
135,lectus pellentesque eget,Murazik Inc,Industrial & Scientific,5,1.36,Returnable,9
136,duis at,"Douglas, Osinski and Hoeger",Appliances,84,1.76,Not Returnable,-
137,ac,"Schultz, Schneider and Huels",Appliances,17,2.47,Returnable,4
138,porttitor id consequat,"Altenwerth, Dibbert and Dicki",Shoes and Jewelry,50,4.78,Returnable,8
139,vivamus vel,Hoppe and Sons,Health,79,1.45,Not Returnable,-
140,mauris,"Spinka, Herman and Quigley",Computers,61,3.02,Exchange-Only,1
141,ac,Waters-Turner,Household & Baby Care,78,3.99,Returnable,6
142,sapien placerat ante,"King, Rippin and Connelly",Sports & Outdoors,23,4.83,Returnable,2
143,sociis natoque penatibus,Schuppe Inc,Household & Baby Care,76,4.91,Returnable,5
144,augue,Blick Inc,Computers,25,3.25,Returnable,16
145,fermentum donec ut,Koss-Runolfsdottir,Electronics,63,4.51,Returnable,2
146,vel,"Lang, Kessler and Predovic",Appliances,59,4.75,Returnable,4
147,ut,"Medhurst, Bogan and McCullough",Industrial & Scientific,12,4.6,Not Returnable,-
148,dui proin leo,"Donnelly, Hilpert and Wehner",Household & Baby Care,9,3.38,Returnable,2
149,auctor,"McKenzie, Kuvalis and Murphy",Computers,93,2.63,Returnable,14
150,faucibus orci,"Davis, Kutch and Runolfsson",Industrial & Scientific,31,0.76,Returnable,15
151,dui,"Conroy, West and Orn",Toys & Games,45,4.38,Not Returnable,-
152,at nunc,"Durgan, Luettgen and Strosin",Cell Phones & Accessories,82,0.76,Returnable,2
153,porttitor lacus,Labadie and Sons,Computers,76,4.15,Not Returnable,-
154,blandit non,Hermiston-Corwin,Sports & Outdoors,90,4.31,Not Returnable,-
155,iaculis justo in,"Kutch, Ledner and Bergnaum",Home & Kitchen,56,0.92,Returnable,9
156,tincidunt,"Dickinson, Reilly and Carter",Toys & Games,10,4.12,Returnable,11
157,at turpis donec,Connelly Inc,Shoes and Jewelry,47,1.58,Returnable,18
158,leo,Leffler LLC,Garden & Outdoor,46,2.34,Exchange-Only,6
159,at nibh,"Pfeffer, Marks and Stanton",Grocery & Gourmet Food,98,3.19,Returnable,8
160,vel dapibus,Stracke Group,Cell Phones & Accessories,76,4.4,Returnable,19
161,orci pede,"Toy, Hand and Kunze",Appliances,40,0.28,Exchange-Only,1
162,suspendisse,Dickinson Inc,Health,30,3.95,Not Returnable,-
163,faucibus,Hayes LLC,Clothing,37,4.57,Not Returnable,-
164,a suscipit nulla,Flatley Inc,Toys & Games,52,1.2,Not Returnable,-
165,quam,Heathcote Group,Clothing,68,2.25,Returnable,2
166,sem fusce,"Schimmel, Smitham and Denesik",Home & Kitchen,77,2.36,Not Returnable,-
167,magna,"Parker, Robel and Ferry",Computers,51,0.87,Returnable,15
168,purus eu magna,Hand Group,Computers,68,3.22,Returnable,5
169,ut massa quis,Hauck Inc,Computers,53,3.16,Returnable,18
170,neque,"Wyman, Simonis and Hodkiewicz",Clothing,2,4.11,Returnable,13
171,duis,Franecki-Turner,Shoes and Jewelry,73,4.45,Exchange-Only,7
172,non,"Hodkiewicz, Vandervort and Gorczany",Home & Kitchen,31,2.04,Returnable,20
173,vel,"Rolfson, O'Connell and Russel",Clothing,44,0.72,Exchange-Only,12
174,massa quis,"Breitenberg, Jaskolski and Green",Books,36,3.74,Returnable,10
175,quam a odio,"Bernhard, Ernser and Beer",Electronics,67,3.7,Exchange-Only,6
176,sed,"Reynolds, Conn and Schmitt",Shoes and Jewelry,19,4.03,Returnable,20
177,massa donec dapibus,Feil-Murphy,Electronics,87,4.06,Not Returnable,-
178,vestibulum ac est,"Koepp, Heidenreich and Satterfield",Sports & Outdoors,15,3.22,Returnable,11
179,nulla,Senger-Pfannerstill,Sports & Outdoors,19,4.92,Not Returnable,-
180,amet eros suspendisse,"Hane, Stracke and Gerlach",Home & Kitchen,3,3.77,Exchange-Only,2
181,in felis donec,"Gutmann, Powlowski and Balistreri",Household & Baby Care,46,3.02,Returnable,9
182,magna,"Gleason, Ullrich and Anderson",Toys & Games,41,2.53,Not Returnable,-
183,lacinia sapien quis,"Durgan, Nienow and Wiegand",Cell Phones & Accessories,57,2.2,Returnable,6
184,id turpis integer,Hane and Sons,Health,53,0.74,Returnable,11
185,tortor,Hermiston-Bauch,Books,54,1.28,Not Returnable,-
186,eu est congue,McDermott-Cassin,Computers,91,3.39,Returnable,15
187,vivamus metus,"Swaniawski, Sporer and Goyette",Sports & Outdoors,25,3.94,Not Returnable,-
188,posuere cubilia,"Hane, Fadel and Hirthe",Industrial & Scientific,79,2.95,Returnable,12
189,justo,Langosh LLC,Sports & Outdoors,65,0.73,Returnable,1
190,pretium,Graham Group,Health,74,1.23,Returnable,8
191,morbi sem mauris,Halvorson-Lueilwitz,Garden & Outdoor,83,3.73,Returnable,1
192,sed vestibulum,Kassulke-Rau,Shoes and Jewelry,92,4.4,Returnable,9
193,pede malesuada in,Klocko-Cormier,Beauty & Personal Care,96,4.21,Not Returnable,-
194,proin risus,Dach-Jast,Electronics,42,3.66,Returnable,10
195,semper rutrum,Kassulke-Von,Computers,9,1.4,Not Returnable,-
196,id justo,"Mills, Marvin and Stiedemann",Clothing,1,3.76,Returnable,3
197,blandit,MacGyver Group,Shoes and Jewelry,47,4.91,Not Returnable,-
198,neque aenean,Waelchi Inc,Appliances,74,0.88,Returnable,5
199,ut at,"Kling, Rolfson and Ratke",Sports & Outdoors,84,2.57,Not Returnable,-
200,interdum venenatis,"Franecki, Feil and Wintheiser",Computers,25,2.28,Not Returnable,-
201,porttitor lacus at,Kunde-Kuhn,Computers,18,0.29,Exchange-Only,18
202,rhoncus,"Collier, Ruecker and Thompson",Computers,38,3.12,Returnable,12
203,dapibus augue vel,Kris-Gleichner,Sports & Outdoors,47,2.54,Returnable,6
204,fermentum donec ut,Schinner Group,Electronics,73,0.86,Returnable,15
205,vivamus,Boehm and Sons,Books,83,4.56,Not Returnable,-
206,non lectus aliquam,"Champlin, Treutel and Beer",Computers,89,4.96,Returnable,20
207,aliquet,Ryan LLC,Industrial & Scientific,83,3.94,Exchange-Only,1
208,lectus vestibulum,Herzog LLC,Industrial & Scientific,94,0.04,Returnable,18
209,lorem vitae mattis,Macejkovic-Legros,Garden & Outdoor,15,4.94,Exchange-Only,10
210,rhoncus,Luettgen-Grady,Shoes and Jewelry,72,1.04,Not Returnable,-
211,aliquam,"Rau, Schneider and Marks",Clothing,37,2.38,Returnable,16
212,ut volutpat,"Cummings, Ritchie and Bayer",Beauty & Personal Care,61,0.54,Returnable,3
213,viverra eget,"Auer, Breitenberg and Gulgowski",Clothing,6,4.0,Returnable,11
214,dui proin leo,Green-Boyle,Home & Kitchen,27,1.84,Not Returnable,-
215,neque sapien,Murphy-McCullough,Home & Kitchen,82,3.74,Returnable,20
216,pede venenatis non,Senger LLC,Beauty & Personal Care,29,4.79,Not Returnable,-
217,fusce posuere felis,Feil LLC,Books,42,3.99,Returnable,7
218,cursus vestibulum,Strosin-Jacobi,Industrial & Scientific,95,3.38,Returnable,14
219,porttitor,Daugherty-Kulas,Clothing,47,3.74,Not Returnable,-
220,dui,Koch-Zemlak,Toys & Games,39,4.43,Returnable,11
221,duis bibendum,Cassin-Smith,Home & Kitchen,13,2.74,Returnable,11
222,gravida,"Turner, Bergstrom and Feil",Grocery & Gourmet Food,39,3.78,Returnable,13
223,parturient,Morar-Ullrich,Electronics,28,2.05,Exchange-Only,13
224,blandit,"Miller, Rowe and Larkin",Clothing,98,3.7,Exchange-Only,17
225,pellentesque quisque porta,"Runolfsson, Cole and Kunze",Household & Baby Care,22,4.63,Returnable,17
226,porttitor lacus at,Koch-Sauer,Industrial & Scientific,13,2.91,Returnable,17
227,convallis nunc,Stokes Inc,Books,57,2.17,Returnable,6
228,vel nulla,"McLaughlin, Ernser and Schamberger",Computers,68,2.02,Returnable,12
229,amet consectetuer adipiscing,Becker Inc,Health,26,4.74,Returnable,4
230,interdum in ante,Mertz-Pollich,Books,19,3.71,Returnable,18
231,sapien cum sociis,Terry-Macejkovic,Home & Kitchen,7,2.32,Returnable,17
232,vitae nisi nam,"Kemmer, Rau and Rolfson",Home & Kitchen,45,4.84,Exchange-Only,16
233,libero non,Leannon Inc,Health,11,3.97,Not Returnable,-
234,imperdiet,Wilkinson LLC,Books,74,1.39,Returnable,2
235,aliquam,Bergstrom-Herman,Appliances,98,0.44,Returnable,19
236,lacinia erat vestibulum,Rodriguez-Wyman,Sports & Outdoors,70,3.22,Returnable,16
237,libero quis,Connelly LLC,Toys & Games,69,4.03,Returnable,6
238,ipsum,"Cruickshank, Herman and Conroy",Shoes and Jewelry,53,4.42,Returnable,19
239,porta volutpat,Haley Group,Computers,75,2.73,Returnable,14
240,fusce lacus,Pfeffer Inc,Garden & Outdoor,90,2.53,Returnable,6
241,viverra eget congue,Nikolaus-Pagac,Computers,92,4.05,Returnable,15
242,primis,"Blick, Schuppe and Predovic",Shoes and Jewelry,6,1.39,Not Returnable,-
243,tincidunt lacus,Rippin LLC,Cell Phones & Accessories,58,3.68,Returnable,13
244,porttitor id,Gleason and Sons,Toys & Games,75,1.37,Not Returnable,-
245,augue vel,"Schinner, Kris and Rogahn",Clothing,62,4.45,Returnable,18
246,quis odio,Christiansen Group,Household & Baby Care,1,2.83,Returnable,4
247,congue risus,Kuhic and Sons,Clothing,69,0.6,Returnable,19
248,a ipsum integer,Feil Inc,Clothing,61,3.87,Not Returnable,-
249,natoque,Runolfsdottir Inc,Appliances,31,4.25,Returnable,11
250,in est,Kuvalis-Kohler,Books,2,2.13,Not Returnable,-
251,adipiscing lorem vitae,"Padberg, Kozey and Kilback",Garden & Outdoor,73,4.49,Returnable,3
252,leo odio porttitor,Nienow Inc,Shoes and Jewelry,63,2.94,Not Returnable,-
253,faucibus,Schumm Inc,Household & Baby Care,87,3.95,Returnable,16
254,pede,"Robel, Gottlieb and Greenholt",Books,63,2.04,Not Returnable,-
255,maecenas pulvinar lobortis,VonRueden LLC,Garden & Outdoor,60,2.1,Returnable,18
256,lobortis est phasellus,"Macejkovic, Jaskolski and Stracke",Books,50,3.12,Returnable,5
257,cras non velit,Stoltenberg-Huel,Garden & Outdoor,89,4.7,Returnable,10
258,tristique,"Gusikowski, Mertz and Hansen",Toys & Games,16,0.87,Returnable,14
259,erat volutpat,Bailey-Kertzmann,Toys & Games,63,0.36,Returnable,15
260,ultricies,Stamm and Sons,Books,35,1.14,Returnable,8
261,elit proin interdum,Klein-Zboncak,Garden & Outdoor,43,3.72,Returnable,5
262,amet eros suspendisse,Beatty-Champlin,Clothing,29,4.61,Returnable,12
263,ac neque duis,"McCullough, Metz and Kassulke",Shoes and Jewelry,96,4.73,Returnable,8
264,aliquam erat,Yost and Sons,Computers,3,2.27,Not Returnable,-
265,augue vel,Mayert-Aufderhar,Cell Phones & Accessories,6,4.58,Not Returnable,-
266,pede justo eu,Hackett Inc,Books,56,2.84,Returnable,16
267,mauris ullamcorper,"Nicolas, Gottlieb and Herzog",Grocery & Gourmet Food,81,3.27,Returnable,9
268,felis fusce,Kshlerin Inc,Industrial & Scientific,30,3.31,Returnable,1
269,integer,Hane-Botsford,Computers,19,3.84,Returnable,1
270,blandit nam nulla,"Heathcote, Pfannerstill and Leuschke",Garden & Outdoor,9,4.71,Returnable,12
271,sem,"Moen, Hegmann and Barton",Shoes and Jewelry,80,4.19,Exchange-Only,20
272,ac,Gusikowski-Koepp,Home & Kitchen,24,2.72,Returnable,13
273,in sagittis,Rosenbaum-Christiansen,Appliances,40,2.21,Returnable,11
274,quam turpis adipiscing,"Johnson, Price and Nolan",Toys & Games,21,3.73,Returnable,8
275,amet eleifend pede,"Berge, Fahey and Bartoletti",Clothing,29,2.22,Returnable,19
276,ipsum aliquam non,Streich Inc,Industrial & Scientific,4,4.94,Returnable,14
277,sit,Krajcik-Lang,Electronics,40,4.87,Exchange-Only,11
278,consequat,Hermiston-Corkery,Garden & Outdoor,65,0.5,Returnable,14
279,rhoncus,Buckridge-Krajcik,Sports & Outdoors,11,1.0,Returnable,15
280,nulla tempus,"Stokes, Huel and Kshlerin",Books,43,0.82,Returnable,14
281,nisl nunc rhoncus,Ferry-Bernier,Electronics,82,3.29,Not Returnable,-
282,aliquam,O'Kon-Hills,Garden & Outdoor,18,1.15,Returnable,6
283,diam,Hegmann-Breitenberg,Clothing,11,4.92,Returnable,5
284,hendrerit at vulputate,"Kessler, Koch and Bergstrom",Clothing,41,4.63,Returnable,4
285,mi sit,Lubowitz Inc,Home & Kitchen,22,2.11,Returnable,9
286,elementum nullam varius,Purdy Inc,Books,61,3.28,Not Returnable,-
287,metus,Schuppe LLC,Cell Phones & Accessories,62,4.35,Returnable,16
288,eget elit sodales,"Nicolas, Carter and Wunsch",Toys & Games,77,3.9,Returnable,18
289,convallis tortor risus,Dibbert LLC,Beauty & Personal Care,65,4.38,Returnable,5
290,pellentesque quisque porta,Dickens Inc,Garden & Outdoor,42,4.1,Not Returnable,-
291,nibh in lectus,"Cruickshank, Emmerich and Dietrich",Sports & Outdoors,18,2.62,Returnable,17
292,at turpis,"Hirthe, Carter and Turner",Health,12,3.81,Returnable,1
293,maecenas,Mann-Stark,Books,12,4.35,Not Returnable,-
294,amet consectetuer,Sporer and Sons,Toys & Games,51,3.34,Not Returnable,-
295,lobortis ligula sit,Osinski LLC,Clothing,74,3.32,Returnable,17
296,sit amet justo,"Stehr, Treutel and Zulauf",Grocery & Gourmet Food,55,0.04,Returnable,13
297,libero ut,"Bosco, Bartoletti and Balistreri",Home & Kitchen,25,4.93,Returnable,6
298,morbi,Prosacco-Walker,Home & Kitchen,2,0.78,Returnable,7
299,odio porttitor,Kshlerin-Lynch,Beauty & Personal Care,50,4.79,Exchange-Only,11
300,rutrum ac lobortis,"White, Becker and Kris",Computers,38,0.2,Returnable,5
301,adipiscing molestie hendrerit,Littel and Sons,Clothing,46,3.55,Returnable,3
302,eget orci,Dicki-Bernhard,Health,27,1.7,Returnable,16
303,etiam faucibus cursus,Dickens-Smith,Toys & Games,92,1.48,Returnable,2
304,erat volutpat,"O'Hara, Spencer and Bernier",Cell Phones & Accessories,10,4.64,Returnable,2
305,pellentesque,"Tillman, Kilback and Mayer",Health,88,2.12,Returnable,6
306,ultricies,"O'Kon, Okuneva and Vandervort",Cell Phones & Accessories,91,2.68,Returnable,13
307,ante vivamus,"Gusikowski, Homenick and Bosco",Electronics,67,4.96,Not Returnable,-
308,ultrices phasellus,Raynor and Sons,Sports & Outdoors,69,0.84,Returnable,18
309,porttitor lacus,Kassulke Group,Computers,76,2.58,Not Returnable,-
310,ut at,"Christiansen, Becker and Ferry",Clothing,36,3.39,Exchange-Only,6
311,felis ut at,"Koepp, Hyatt and Russel",Garden & Outdoor,28,1.38,Returnable,18
312,gravida sem,Block Group,Household & Baby Care,82,4.35,Returnable,15
313,ante vel ipsum,"McCullough, Will and Stroman",Household & Baby Care,0,3.91,Returnable,4
314,dui luctus,Oberbrunner-Dach,Household & Baby Care,82,0.53,Returnable,15
315,odio justo,"Towne, Hahn and Keebler",Cell Phones & Accessories,98,1.14,Returnable,2
316,porttitor pede justo,"Beer, Bruen and Turner",Appliances,51,3.69,Not Returnable,-
317,curae nulla,"Dicki, Legros and Marvin",Computers,96,3.91,Returnable,5
318,non lectus,Heidenreich-Wuckert,Household & Baby Care,47,1.51,Returnable,17
319,rhoncus sed vestibulum,Roob and Sons,Appliances,26,1.13,Exchange-Only,15
320,posuere,Schoen Inc,Books,52,4.02,Exchange-Only,6
321,eu interdum eu,Homenick and Sons,Grocery & Gourmet Food,37,4.72,Not Returnable,-
322,at turpis donec,"O'Kon, Blanda and Schneider",Household & Baby Care,97,4.56,Returnable,3
323,rutrum,"Johnson, Von and Waters",Industrial & Scientific,66,2.28,Returnable,7
324,tempor,Denesik-Mitchell,Toys & Games,76,4.22,Returnable,16
325,orci,"Runte, Schmeler and Beier",Computers,21,0.75,Not Returnable,-
326,at nibh,Schoen-Koch,Clothing,26,1.48,Exchange-Only,10
327,curae mauris,Waters Inc,Books,75,3.51,Exchange-Only,6
328,pede libero quis,"Koss, Leannon and Gislason",Health,33,2.79,Exchange-Only,12
329,at nulla,"West, Crooks and Gusikowski",Beauty & Personal Care,5,4.42,Returnable,13
330,turpis integer,Cassin Group,Clothing,90,4.77,Returnable,10
331,suspendisse,Morar and Sons,Shoes and Jewelry,72,2.0,Returnable,16
332,lacus,Mayert-Nader,Computers,0,2.01,Not Returnable,-
333,rutrum,Halvorson LLC,Industrial & Scientific,38,2.58,Returnable,9
334,sed tincidunt eu,Klein Group,Beauty & Personal Care,27,2.64,Returnable,5
335,dolor morbi vel,"Lynch, Ward and Braun",Cell Phones & Accessories,49,4.83,Returnable,10
336,elit sodales,McCullough Inc,Electronics,85,4.4,Returnable,2
337,id,Metz Inc,Sports & Outdoors,53,2.92,Not Returnable,-
338,eget congue,"Nader, Gerlach and Pfeffer",Health,32,3.64,Returnable,2
339,luctus et,Hilll Group,Clothing,59,4.54,Returnable,9
340,vel,Gorczany-Bednar,Shoes and Jewelry,79,2.96,Returnable,15
341,rutrum,"Haley, Torphy and Langworth",Health,68,2.31,Returnable,5
342,posuere,Schmidt Group,Shoes and Jewelry,45,4.71,Returnable,7
343,sit amet,"Skiles, Dibbert and Reinger",Computers,34,3.64,Returnable,11
344,faucibus cursus urna,"Johns, O'Reilly and Carter",Beauty & Personal Care,4,3.19,Not Returnable,-
345,erat eros viverra,Reichel Group,Cell Phones & Accessories,82,4.31,Returnable,11
346,convallis morbi odio,Windler-Denesik,Electronics,75,2.21,Not Returnable,-
347,in,"Hahn, Carroll and Rice",Books,51,3.59,Not Returnable,-
348,at velit,"Tremblay, Rowe and Mante",Household & Baby Care,33,4.08,Not Returnable,-
349,dapibus at diam,"Witting, Farrell and McCullough",Sports & Outdoors,39,2.12,Exchange-Only,4
350,potenti cras in,"Larkin, Ondricka and Nader",Grocery & Gourmet Food,90,2.18,Returnable,12
351,ut at dolor,Kertzmann Group,Books,85,4.0,Returnable,13
352,curae donec pharetra,Gutkowski-MacGyver,Garden & Outdoor,93,4.41,Not Returnable,-
353,accumsan odio curabitur,Ruecker Group,Sports & Outdoors,62,3.86,Returnable,14
354,condimentum,"Cremin, Schamberger and Smitham",Health,66,4.38,Returnable,11
355,ut,Fay-Hettinger,Industrial & Scientific,12,4.63,Not Returnable,-
356,pretium,Keebler Inc,Books,81,3.7,Not Returnable,-
357,amet turpis,"Lakin, Haag and Toy",Grocery & Gourmet Food,36,0.74,Not Returnable,-
358,duis consequat dui,Harvey-Brown,Electronics,29,4.55,Returnable,19
359,potenti nullam porttitor,Feil-Rolfson,Household & Baby Care,63,0.25,Returnable,15
360,consequat lectus,"Romaguera, Hyatt and Torp",Home & Kitchen,92,4.31,Exchange-Only,20
361,platea dictumst,Halvorson-Nikolaus,Beauty & Personal Care,94,2.3,Returnable,15
362,turpis eget elit,"D'Amore, Schulist and Connelly",Books,47,1.22,Returnable,9
363,ante vel ipsum,Harris Inc,Cell Phones & Accessories,32,1.86,Returnable,9
364,in porttitor,"Kling, Buckridge and Prohaska",Clothing,87,4.66,Not Returnable,-
365,praesent lectus vestibulum,Schiller LLC,Household & Baby Care,77,4.68,Returnable,15
366,bibendum imperdiet nullam,"Sanford, Koss and Price",Computers,15,4.27,Returnable,20
367,lectus,Moen Inc,Health,30,4.77,Exchange-Only,11
368,ante vel,Lang-Kuhic,Beauty & Personal Care,59,1.48,Exchange-Only,6
369,curae,Hirthe LLC,Sports & Outdoors,86,2.32,Returnable,14
370,vivamus metus arcu,Schulist-Watsica,Beauty & Personal Care,92,4.53,Not Returnable,-
371,in,"Dare, Conn and Thompson",Books,51,0.07,Returnable,17
372,iaculis,"Boehm, Mills and Hayes",Household & Baby Care,23,3.67,Returnable,10
373,ante ipsum primis,Keebler-Wehner,Electronics,29,3.27,Returnable,4
374,bibendum,"Kulas, Stokes and Johns",Electronics,76,3.84,Returnable,16
375,non,Braun and Sons,Beauty & Personal Care,64,0.68,Returnable,4
376,duis,Mann-Grady,Electronics,69,4.92,Returnable,5
377,sapien,"Nolan, Bernier and Abbott",Industrial & Scientific,29,4.8,Returnable,16
378,quisque,Little-Reichel,Electronics,68,4.8,Returnable,7
379,et magnis,"Mayer, Beer and Stanton",Industrial & Scientific,8,3.36,Returnable,19
380,in,Cremin-Conn,Electronics,40,2.99,Returnable,15
381,vel augue vestibulum,Tillman-Bogan,Health,47,4.89,Not Returnable,-
382,tempus semper est,Kub-Schaden,Shoes and Jewelry,45,4.95,Returnable,1
383,pede malesuada,"Abbott, Kling and Lindgren",Books,23,2.51,Returnable,3
384,vel augue vestibulum,"Langworth, Bradtke and Graham",Books,67,4.5,Not Returnable,-
385,ullamcorper purus sit,Thiel LLC,Industrial & Scientific,5,4.47,Exchange-Only,5
386,turpis,Schimmel-Hills,Toys & Games,80,3.89,Exchange-Only,14
387,posuere,"Keeling, Bahringer and Jacobson",Toys & Games,6,3.78,Returnable,8
388,at,Hand LLC,Household & Baby Care,20,4.3,Returnable,19
389,mauris morbi,Treutel-Kuhic,Health,33,4.36,Returnable,17
390,ultrices phasellus,Wolf-Jacobs,Books,27,4.14,Not Returnable,-
391,rhoncus aliquet pulvinar,"Rogahn, Osinski and Thompson",Sports & Outdoors,35,3.81,Returnable,20
392,nam nulla,O'Hara-Koepp,Grocery & Gourmet Food,38,4.61,Not Returnable,-
393,ultrices,Little and Sons,Computers,35,4.04,Returnable,3
394,justo etiam,"Huels, Rempel and Weber",Appliances,82,3.7,Returnable,9
395,felis,"Balistreri, Cartwright and Kuphal",Sports & Outdoors,39,4.47,Exchange-Only,5
396,ante vivamus,Metz and Sons,Sports & Outdoors,66,3.77,Returnable,4
397,tristique est,Hills and Sons,Garden & Outdoor,17,1.16,Returnable,20
398,pellentesque,Gislason-Beer,Electronics,43,3.3,Not Returnable,-
399,ut,Stracke Inc,Computers,60,4.93,Returnable,9
400,non pretium,"Shanahan, Boyer and Halvorson",Beauty & Personal Care,8,4.92,Returnable,20
401,et magnis,Breitenberg-Schaefer,Beauty & Personal Care,57,4.55,Exchange-Only,11
402,duis,"MacGyver, Ritchie and Powlowski",Cell Phones & Accessories,7,4.5,Returnable,15
403,sapien quis libero,"Kemmer, Ruecker and Gorczany",Shoes and Jewelry,58,4.51,Not Returnable,-
404,nulla nunc purus,Pagac LLC,Grocery & Gourmet Food,22,1.34,Not Returnable,-
405,rhoncus dui vel,Rutherford-Crooks,Clothing,96,4.77,Returnable,5
406,vel est donec,Christiansen Group,Garden & Outdoor,18,4.17,Exchange-Only,3
407,nulla justo aliquam,Lang-Ortiz,Toys & Games,5,4.15,Returnable,19
408,viverra,"Pouros, MacGyver and Johns",Industrial & Scientific,73,0.27,Exchange-Only,3
409,metus sapien,Beatty and Sons,Industrial & Scientific,3,3.92,Returnable,19
410,eleifend luctus ultricies,Schoen and Sons,Health,64,3.78,Returnable,16
411,ligula nec,"Murazik, Gaylord and Wehner",Cell Phones & Accessories,5,0.34,Returnable,20
412,luctus nec,Bechtelar-Legros,Cell Phones & Accessories,52,0.62,Exchange-Only,11
413,rutrum nulla tellus,Hirthe Group,Sports & Outdoors,74,4.04,Returnable,8
414,blandit nam,"Bode, Jenkins and Volkman",Shoes and Jewelry,41,2.69,Returnable,6
415,morbi ut odio,Botsford-Lesch,Toys & Games,45,3.18,Returnable,9
416,lacinia aenean,Herman Inc,Appliances,81,4.25,Returnable,13
417,rhoncus sed vestibulum,Goodwin LLC,Shoes and Jewelry,51,4.02,Exchange-Only,3
418,quam,"Spinka, Maggio and Smitham",Health,55,4.38,Returnable,3
419,varius nulla,Barrows-Spencer,Health,62,2.05,Not Returnable,-
420,odio,Turner-Mayer,Sports & Outdoors,68,1.25,Returnable,16
421,nisl ut volutpat,Ortiz Inc,Shoes and Jewelry,20,0.17,Returnable,18
422,leo odio condimentum,Ortiz-Runolfsson,Electronics,87,4.11,Returnable,16
423,quam,Rau Inc,Books,33,3.95,Exchange-Only,1
424,neque vestibulum,Wehner Inc,Books,97,2.13,Returnable,4
425,lobortis est,Ziemann-Steuber,Grocery & Gourmet Food,54,2.95,Not Returnable,-
426,dictumst aliquam,"Price, VonRueden and Kassulke",Home & Kitchen,39,4.03,Returnable,12
427,vulputate nonummy,Friesen Group,Beauty & Personal Care,38,4.28,Returnable,20
428,convallis,"Kozey, Stanton and Huel",Books,10,2.65,Returnable,14
429,leo rhoncus,"Jaskolski, O'Conner and Schneider",Clothing,36,2.14,Returnable,9
430,vestibulum ante,Kozey Group,Health,1,2.57,Returnable,2
431,luctus et ultrices,Koelpin-Hyatt,Garden & Outdoor,10,2.8,Returnable,7
432,vehicula,Cummerata and Sons,Sports & Outdoors,62,4.97,Returnable,11
433,nam,Bartell Group,Toys & Games,82,1.8,Returnable,1
434,eget congue,"Hermann, Hills and Morissette",Health,72,4.45,Not Returnable,-
435,congue diam,Bogan and Sons,Shoes and Jewelry,72,0.92,Returnable,14
436,sapien cursus,"Wolf, Gaylord and Schulist",Health,79,4.13,Returnable,14
437,ultrices phasellus id,Wilderman and Sons,Household & Baby Care,39,4.36,Returnable,1
438,vel,"Prosacco, Sanford and Blanda",Appliances,88,2.05,Returnable,3
439,vestibulum,"Kuhic, Champlin and Dickens",Health,95,4.11,Returnable,8
440,justo lacinia,Wyman Group,Books,9,3.72,Returnable,7
441,felis eu,Purdy-Ondricka,Household & Baby Care,36,3.84,Not Returnable,-
442,molestie lorem,"Stroman, Blanda and Glover",Computers,68,2.66,Returnable,17
443,primis in,Fahey-Cole,Sports & Outdoors,91,2.59,Returnable,15
444,nunc nisl,Ziemann-Runolfsdottir,Computers,42,2.36,Not Returnable,-
445,tellus semper interdum,Johnson-Glover,Books,12,4.33,Returnable,13
446,vivamus vel nulla,Moen-Witting,Clothing,4,3.35,Exchange-Only,17
447,pellentesque,Hoppe Group,Electronics,9,4.92,Returnable,18
448,ac consequat metus,"Renner, Erdman and Bradtke",Home & Kitchen,97,0.69,Returnable,4
449,dapibus duis,Hagenes-Wisozk,Clothing,98,0.74,Returnable,6
450,quisque erat eros,Leannon LLC,Computers,89,4.72,Returnable,8
451,ut massa volutpat,Padberg and Sons,Electronics,66,2.17,Returnable,7
452,morbi vel,Heidenreich-Smith,Health,8,0.31,Returnable,13
453,at,"Osinski, Aufderhar and Schmitt",Home & Kitchen,98,0.25,Returnable,20
454,sapien sapien,Runte-Powlowski,Health,14,4.47,Not Returnable,-
455,fermentum justo,"Fadel, Blanda and Romaguera",Toys & Games,34,3.18,Returnable,19
456,morbi quis tortor,"Larkin, Reilly and McClure",Home & Kitchen,5,4.47,Exchange-Only,16
457,quam suspendisse,Considine Inc,Home & Kitchen,26,2.72,Not Returnable,-
458,nulla quisque arcu,"Labadie, Daugherty and Willms",Cell Phones & Accessories,78,4.23,Returnable,2
459,rutrum nulla,Herzog and Sons,Shoes and Jewelry,17,2.64,Returnable,19
460,congue vivamus,"Waters, Douglas and Bode",Toys & Games,80,2.47,Returnable,8
461,vestibulum,Bins Inc,Toys & Games,77,2.82,Returnable,1
462,in magna,Zemlak and Sons,Appliances,95,0.39,Returnable,14
463,penatibus,"Satterfield, Yost and Connelly",Clothing,98,3.19,Returnable,20
464,et,Mayer and Sons,Clothing,98,0.12,Not Returnable,-
465,fusce congue,"Gerhold, Walsh and Kunze",Beauty & Personal Care,70,2.43,Returnable,16
466,faucibus orci,Hane Group,Beauty & Personal Care,20,3.94,Returnable,3
467,cum sociis,Daniel Inc,Sports & Outdoors,68,4.25,Returnable,8
468,diam cras,Tillman-Mueller,Garden & Outdoor,76,3.71,Exchange-Only,8
469,dapibus,Carroll Inc,Electronics,71,4.24,Returnable,20
470,ligula,Bartoletti-Bernhard,Home & Kitchen,23,4.0,Returnable,9
471,nisi eu orci,Rippin and Sons,Sports & Outdoors,4,4.4,Not Returnable,-
472,condimentum neque,"Gottlieb, Stokes and Kub",Toys & Games,14,2.81,Returnable,19
473,ultrices,Waelchi Group,Appliances,46,3.04,Returnable,16
474,pede ullamcorper augue,Macejkovic-Altenwerth,Industrial & Scientific,75,0.86,Returnable,4
475,nibh in hac,Lakin-Crooks,Beauty & Personal Care,16,3.95,Exchange-Only,15
476,pulvinar,Rempel and Sons,Garden & Outdoor,55,3.29,Exchange-Only,2
477,in hac,Dietrich-Cole,Industrial & Scientific,48,4.39,Not Returnable,-
478,proin,Mosciski and Sons,Clothing,8,3.96,Returnable,12
479,metus,Bayer and Sons,Beauty & Personal Care,70,2.6,Returnable,12
480,risus praesent,"Gaylord, Upton and Nikolaus",Clothing,43,2.62,Not Returnable,-
481,platea dictumst aliquam,Hagenes LLC,Health,99,4.5,Returnable,7
482,tristique est et,"Cartwright, Hauck and Swaniawski",Household & Baby Care,4,4.44,Returnable,3
483,ante ipsum,MacGyver-Rippin,Health,25,1.8,Returnable,14
484,justo in,Stark Group,Computers,81,1.22,Returnable,1
485,platea dictumst,Collins-Walter,Health,55,2.36,Not Returnable,-
486,lacinia nisi,Pagac Group,Home & Kitchen,68,0.58,Returnable,6
487,elit,Kautzer LLC,Sports & Outdoors,88,1.78,Returnable,17
488,lorem ipsum,"Brekke, Wuckert and Runte",Health,68,2.94,Returnable,10
489,sit amet consectetuer,Johnston-Connelly,Shoes and Jewelry,37,1.68,Returnable,15
490,sed vestibulum,Schumm Inc,Cell Phones & Accessories,69,3.67,Returnable,16
491,a odio in,"Blanda, Kozey and Schumm",Appliances,48,4.83,Returnable,16
492,sociis natoque,Steuber and Sons,Computers,6,0.43,Returnable,16
493,convallis morbi,VonRueden LLC,Electronics,4,3.75,Returnable,11
494,velit eu est,Tillman-Legros,Toys & Games,32,2.89,Not Returnable,-
495,felis,Franecki and Sons,Books,61,1.89,Returnable,11
496,eros,Torphy-McKenzie,Computers,66,3.73,Returnable,7
497,nibh in,"Christiansen, Orn and Schuster",Household & Baby Care,81,2.47,Returnable,20
498,odio cras mi,Grady Group,Sports & Outdoors,72,1.28,Returnable,15
499,consequat lectus in,Torphy-Waelchi,Home & Kitchen,97,2.85,Exchange-Only,9
500,interdum venenatis turpis,"Deckow, Gorczany and Mraz",Appliances,10,1.11,Exchange-Only,19
501,scelerisque,Glover and Sons,Appliances,29,2.85,Returnable,11
502,feugiat et eros,Howell Group,Shoes and Jewelry,52,2.03,Returnable,6
503,odio condimentum id,"Farrell, Langosh and Wintheiser",Clothing,38,3.79,Returnable,18
504,ultrices,Kutch-Schaefer,Books,12,4.29,Exchange-Only,14
505,ultricies eu nibh,"Turner, Weber and Brakus",Computers,84,4.56,Exchange-Only,10
506,lacus at velit,Bechtelar-Franecki,Grocery & Gourmet Food,89,2.1,Exchange-Only,2
507,in congue,Rogahn Inc,Home & Kitchen,88,1.45,Not Returnable,-
508,dolor quis odio,Kuhlman-Lesch,Electronics,53,3.87,Returnable,20
509,iaculis,"Prohaska, Mills and Walter",Toys & Games,13,4.99,Returnable,13
510,nullam orci,"McDermott, Shanahan and MacGyver",Appliances,5,0.55,Exchange-Only,9
511,non velit,"Heaney, Hane and Waelchi",Household & Baby Care,38,2.67,Returnable,14
512,volutpat in,Bergnaum and Sons,Electronics,97,3.09,Returnable,15
513,velit vivamus,Haley-Nikolaus,Garden & Outdoor,98,1.8,Returnable,20
514,odio elementum eu,Wehner-Connelly,Grocery & Gourmet Food,58,2.57,Returnable,12
515,in,Feest-Crooks,Grocery & Gourmet Food,21,0.7,Returnable,17
516,eu magna vulputate,Buckridge-Paucek,Household & Baby Care,14,3.87,Not Returnable,-
517,metus aenean,"Davis, Ryan and Paucek",Cell Phones & Accessories,48,1.43,Returnable,5
518,parturient montes,Green Group,Beauty & Personal Care,7,4.0,Returnable,18
519,morbi odio odio,Aufderhar-Conn,Industrial & Scientific,10,3.54,Returnable,1
520,non lectus,Harber and Sons,Industrial & Scientific,31,4.2,Returnable,12
521,est et,"Schaden, Friesen and Christiansen",Industrial & Scientific,21,3.15,Returnable,20
522,proin,Leannon-Lang,Books,36,4.54,Returnable,17
523,interdum mauris,Little and Sons,Garden & Outdoor,29,4.56,Returnable,14
524,eu,"Fahey, Shanahan and Balistreri",Cell Phones & Accessories,25,3.83,Returnable,3
525,donec odio,"Keeling, Gottlieb and Boehm",Beauty & Personal Care,76,4.22,Returnable,9
526,eget,Dooley LLC,Computers,50,2.9,Returnable,6
527,convallis,"Wilkinson, Rau and Dooley",Clothing,86,4.17,Returnable,8
528,mi pede malesuada,"Parisian, Kling and Howe",Toys & Games,96,0.76,Returnable,7
529,non sodales sed,Littel Inc,Clothing,91,2.38,Not Returnable,-
530,eros elementum,Tremblay LLC,Computers,40,4.86,Not Returnable,-
531,id mauris vulputate,McKenzie-Lueilwitz,Sports & Outdoors,44,4.94,Returnable,3
532,sit amet,"Gerlach, Parisian and Gulgowski",Electronics,45,4.81,Returnable,6
533,in,"Walter, Baumbach and Denesik",Household & Baby Care,63,0.07,Returnable,5
534,nullam sit,"Gusikowski, Smitham and Herzog",Toys & Games,42,1.17,Returnable,6
535,convallis tortor,"Zemlak, Beier and McKenzie",Electronics,17,4.46,Not Returnable,-
536,turpis donec posuere,Smitham and Sons,Health,74,1.61,Returnable,6
537,duis aliquam convallis,Bauch-Koelpin,Clothing,92,3.06,Not Returnable,-
538,suspendisse ornare consequat,Kuhic-Balistreri,Grocery & Gourmet Food,91,0.17,Returnable,20
539,id,Gusikowski-Doyle,Computers,73,2.44,Returnable,1
540,dolor sit,Fritsch and Sons,Industrial & Scientific,28,3.28,Returnable,4
541,cras in,"Kutch, Hessel and Keeling",Industrial & Scientific,48,2.07,Returnable,9
542,ut blandit non,Marks Inc,Health,6,2.98,Not Returnable,-
543,dis,"Medhurst, Moen and Boyer",Home & Kitchen,53,2.74,Not Returnable,-
544,vivamus metus,"Rosenbaum, Altenwerth and Medhurst",Clothing,76,2.89,Returnable,16
545,ante ipsum primis,Breitenberg LLC,Books,4,4.38,Not Returnable,-
546,nisl,Nitzsche-Orn,Cell Phones & Accessories,50,3.24,Returnable,19
547,odio in,Pfannerstill and Sons,Beauty & Personal Care,73,0.39,Not Returnable,-
548,elementum eu interdum,Harber-Hahn,Health,11,3.99,Returnable,5
549,in,"Monahan, Feeney and McDermott",Grocery & Gourmet Food,93,2.88,Returnable,6
550,eleifend donec ut,Lebsack Group,Sports & Outdoors,25,3.03,Exchange-Only,18
551,posuere,Waelchi-Rolfson,Grocery & Gourmet Food,36,3.52,Not Returnable,-
552,nibh quisque,Dibbert LLC,Beauty & Personal Care,51,4.1,Returnable,15
553,ut,Wyman-Pouros,Toys & Games,65,0.93,Not Returnable,-
554,sociis natoque,Wisoky and Sons,Sports & Outdoors,9,4.39,Returnable,9
555,duis consequat,Mante-Leffler,Grocery & Gourmet Food,42,1.33,Exchange-Only,19
556,eleifend pede,Harber-Cremin,Garden & Outdoor,89,3.91,Exchange-Only,12
557,tellus nulla ut,"Turner, Senger and Christiansen",Beauty & Personal Care,17,2.9,Returnable,5
558,nam,Bartoletti Group,Sports & Outdoors,93,2.42,Returnable,3
559,justo,"Yost, Borer and Schumm",Grocery & Gourmet Food,52,4.04,Returnable,7
560,iaculis diam erat,Tromp-Okuneva,Books,8,3.8,Returnable,13
561,lectus vestibulum,Thompson LLC,Toys & Games,14,3.33,Returnable,6
562,etiam,"Heathcote, Trantow and Walter",Sports & Outdoors,38,4.11,Returnable,19
563,urna,"Pacocha, Marquardt and Ortiz",Grocery & Gourmet Food,97,3.38,Not Returnable,-
564,tempus sit,"Vandervort, Douglas and Simonis",Health,92,2.22,Not Returnable,-
565,luctus tincidunt nulla,Gislason Group,Electronics,19,2.3,Not Returnable,-
566,luctus ultricies eu,"Ruecker, Bailey and Luettgen",Toys & Games,94,4.81,Returnable,4
567,dui luctus rutrum,Pfannerstill-Quigley,Grocery & Gourmet Food,99,3.22,Exchange-Only,3
568,condimentum id luctus,Rogahn-Macejkovic,Sports & Outdoors,17,3.14,Returnable,20
569,magnis dis parturient,"Stiedemann, Mayer and Moore",Household & Baby Care,68,4.63,Returnable,19
570,nec,Anderson Inc,Toys & Games,37,1.04,Returnable,15
571,eget tincidunt,Harris-Harvey,Home & Kitchen,42,1.58,Returnable,18
572,vivamus in,McLaughlin-D'Amore,Computers,63,2.92,Returnable,5
573,elementum eu interdum,"Fritsch, Windler and Hauck",Industrial & Scientific,1,4.58,Returnable,20
574,vehicula consequat morbi,Kohler-Willms,Household & Baby Care,50,0.52,Returnable,9
575,mauris sit,"Kuhlman, Krajcik and Funk",Shoes and Jewelry,0,2.04,Returnable,10
576,quam sapien,Beer-Reinger,Books,4,4.39,Not Returnable,-
577,porta volutpat erat,"Ledner, Fisher and Schowalter",Health,50,0.9,Returnable,2
578,sagittis,Cartwright-Gusikowski,Sports & Outdoors,98,4.79,Returnable,14
579,sem sed sagittis,Cummings Inc,Industrial & Scientific,3,4.57,Returnable,6
580,eu,Funk Group,Health,69,0.05,Returnable,19
581,amet cursus id,Sipes-Mills,Grocery & Gourmet Food,51,4.01,Returnable,17
582,orci nullam molestie,Murphy-Hirthe,Household & Baby Care,55,2.01,Returnable,7
583,mi nulla,Koch-Vandervort,Toys & Games,51,4.63,Not Returnable,-
584,mus,Bode Inc,Grocery & Gourmet Food,88,3.54,Returnable,15
585,nam ultrices libero,"Kertzmann, Bradtke and Bauch",Home & Kitchen,84,4.6,Exchange-Only,6
586,tellus,Cummerata-Johnston,Appliances,97,4.78,Returnable,15
587,nisl duis,Haag LLC,Electronics,77,4.34,Returnable,8
588,non,Lang and Sons,Toys & Games,84,4.6,Returnable,2
589,pede ac diam,Gusikowski-Lindgren,Clothing,96,4.76,Returnable,6
590,platea dictumst morbi,Robel-Bruen,Electronics,66,4.51,Returnable,2
591,neque aenean,Keebler Inc,Toys & Games,67,2.48,Returnable,8
592,congue elementum,McKenzie Group,Computers,68,4.29,Returnable,7
593,a suscipit,Lesch and Sons,Grocery & Gourmet Food,98,4.61,Returnable,12
594,quis justo,Little Group,Garden & Outdoor,98,3.73,Returnable,1
595,quisque arcu libero,Luettgen Inc,Garden & Outdoor,91,4.17,Not Returnable,-
596,vivamus tortor duis,Hartmann-Gleason,Cell Phones & Accessories,23,0.32,Returnable,20
597,sapien sapien non,O'Kon-Weissnat,Garden & Outdoor,19,2.55,Not Returnable,-
598,nam,Graham-Roberts,Electronics,28,2.86,Returnable,15
599,duis,Hyatt-Marquardt,Beauty & Personal Care,89,0.99,Returnable,10
600,feugiat non pretium,O'Conner Group,Appliances,50,3.14,Returnable,7
601,tincidunt ante vel,Schultz and Sons,Household & Baby Care,5,2.84,Not Returnable,-
602,tristique in,King LLC,Electronics,50,1.89,Not Returnable,-
603,erat nulla,Krajcik Group,Toys & Games,63,3.73,Not Returnable,-
604,ut erat,Carter-Borer,Books,98,2.6,Returnable,5
605,consequat morbi a,"Conn, Kunde and Murazik",Books,66,4.77,Returnable,11
606,quisque erat,"Romaguera, Schroeder and Gerlach",Household & Baby Care,100,1.02,Returnable,10
607,rutrum ac lobortis,"Abernathy, Bergstrom and Dietrich",Grocery & Gourmet Food,45,2.04,Returnable,16
608,nam congue,"Hartmann, Hirthe and Gibson",Garden & Outdoor,83,1.43,Returnable,7
609,dapibus duis,"Herman, Hamill and Vandervort",Toys & Games,35,3.32,Returnable,6
610,mauris ullamcorper,Bergstrom Inc,Books,88,4.68,Returnable,4
611,non,"Wolff, Grimes and Mann",Home & Kitchen,81,4.11,Returnable,18
612,dui proin leo,Barton Inc,Industrial & Scientific,65,0.02,Returnable,9
613,sapien varius ut,"Lakin, Stoltenberg and Legros",Household & Baby Care,85,3.75,Returnable,5
614,orci eget,"Wintheiser, Grimes and Gislason",Toys & Games,42,4.45,Returnable,10
615,felis sed interdum,Hand LLC,Cell Phones & Accessories,63,4.75,Returnable,7
616,amet turpis,Keebler-Bogan,Clothing,61,2.08,Returnable,16
617,ut massa,Collier LLC,Industrial & Scientific,99,4.33,Not Returnable,-
618,nulla,Cremin Group,Electronics,89,4.07,Not Returnable,-
619,consectetuer adipiscing,Abernathy-Balistreri,Household & Baby Care,31,2.58,Returnable,20
620,vel,Murray-Schulist,Toys & Games,56,2.59,Returnable,14
621,platea dictumst etiam,Lubowitz-Heathcote,Clothing,37,3.78,Returnable,17
622,tempus vivamus in,Williamson-Luettgen,Appliances,98,3.66,Returnable,11
623,vel pede,Quigley-Gusikowski,Industrial & Scientific,91,2.83,Returnable,9
624,at nibh,"Skiles, Reilly and Haley",Sports & Outdoors,78,3.26,Not Returnable,-
625,fermentum justo,"Johns, Rowe and Littel",Computers,75,4.84,Exchange-Only,2
626,odio,Wisozk Inc,Shoes and Jewelry,5,4.96,Returnable,16
627,vivamus,"Marvin, Wisozk and Gottlieb",Clothing,2,3.4,Returnable,11
628,ultrices,VonRueden Group,Appliances,72,1.14,Returnable,5
629,sit amet nunc,Ebert-Pouros,Electronics,41,0.39,Returnable,3
630,et,Orn-Greenfelder,Household & Baby Care,41,3.79,Returnable,2
631,aliquet ultrices erat,Weber LLC,Sports & Outdoors,98,2.55,Returnable,15
632,condimentum id luctus,"Ward, Williamson and Ziemann",Cell Phones & Accessories,80,4.54,Exchange-Only,5
633,donec diam neque,Emmerich Inc,Industrial & Scientific,15,4.67,Returnable,19
634,turpis enim,"Parker, Morar and Huel",Shoes and Jewelry,80,4.92,Returnable,19
635,semper,Mosciski-Mills,Garden & Outdoor,9,3.15,Returnable,13
636,sagittis dui vel,Steuber-Effertz,Appliances,63,3.69,Returnable,2
637,morbi,Stark-Daugherty,Beauty & Personal Care,91,2.43,Returnable,14
638,justo maecenas,"Hartmann, Rogahn and Hayes",Appliances,38,2.29,Exchange-Only,13
639,vulputate justo,Hyatt-Padberg,Home & Kitchen,97,3.39,Returnable,4
640,ipsum praesent,"Gerlach, Crooks and Shanahan",Toys & Games,66,4.0,Not Returnable,-
641,pellentesque ultrices phasellus,Reynolds-Williamson,Grocery & Gourmet Food,50,4.03,Returnable,14
642,lectus,Wiegand-Von,Appliances,32,0.48,Not Returnable,-
643,nunc viverra dapibus,Grant Group,Garden & Outdoor,10,2.26,Returnable,12
644,lobortis ligula sit,"Hahn, Borer and Schimmel",Grocery & Gourmet Food,17,4.86,Not Returnable,-
645,sed,Harris-Brekke,Home & Kitchen,94,0.98,Returnable,14
646,ultrices,Dare-O'Connell,Beauty & Personal Care,83,3.59,Returnable,6
647,at nibh in,Gutmann Group,Shoes and Jewelry,8,3.27,Returnable,18
648,sociis natoque penatibus,Haag Inc,Electronics,58,1.65,Not Returnable,-
649,libero non,Powlowski Inc,Computers,55,2.65,Not Returnable,-
650,quisque,Leannon Inc,Computers,67,2.29,Not Returnable,-
651,platea dictumst,"Crooks, Pfannerstill and Daugherty",Toys & Games,95,2.05,Exchange-Only,11
652,nisl nunc,Langosh Inc,Industrial & Scientific,31,3.55,Returnable,7
653,morbi odio,Kirlin-Senger,Clothing,94,2.68,Not Returnable,-
654,auctor gravida sem,"Schultz, Zboncak and Runolfsdottir",Electronics,44,2.32,Returnable,15
655,vulputate ut ultrices,Deckow-Abbott,Garden & Outdoor,8,2.94,Returnable,5
656,pulvinar nulla,"Dooley, Little and Brakus",Household & Baby Care,87,4.65,Returnable,3
657,dapibus nulla suscipit,"Borer, Senger and Kiehn",Sports & Outdoors,76,2.63,Exchange-Only,3
658,duis,Ledner-Moore,Appliances,50,3.9,Returnable,8
659,ut nulla sed,Lubowitz LLC,Grocery & Gourmet Food,74,3.62,Returnable,17
660,in,"Wyman, Stanton and Rolfson",Industrial & Scientific,49,0.61,Not Returnable,-
661,nullam porttitor,Fisher and Sons,Industrial & Scientific,97,4.24,Returnable,20
662,ut,Mills-Bayer,Household & Baby Care,82,2.79,Not Returnable,-
663,est,Luettgen Inc,Clothing,27,4.25,Returnable,8
664,risus semper,Pollich-Pfannerstill,Electronics,16,3.83,Returnable,13
665,cursus id turpis,Hickle-Wuckert,Beauty & Personal Care,37,3.13,Not Returnable,-
666,sapien non mi,"Schimmel, Johnson and Bogisich",Sports & Outdoors,3,2.52,Returnable,20
667,vitae mattis,"Olson, Gorczany and Crona",Appliances,54,3.22,Not Returnable,-
668,tortor duis,"Vandervort, Satterfield and Jenkins",Toys & Games,17,0.42,Returnable,9
669,vivamus vel,Kuphal and Sons,Health,74,2.32,Not Returnable,-
670,non interdum in,"Bednar, Zieme and Hickle",Home & Kitchen,31,1.88,Returnable,6
671,ut erat id,Stokes Inc,Household & Baby Care,66,1.08,Returnable,1
672,augue vel,"Wintheiser, Frami and Brakus",Household & Baby Care,65,2.48,Exchange-Only,18
673,in,Hyatt-Green,Industrial & Scientific,36,3.79,Returnable,19
674,nibh fusce lacus,Nicolas-Schinner,Health,53,4.37,Exchange-Only,12
675,quam fringilla rhoncus,"Pagac, Thompson and Schamberger",Garden & Outdoor,52,3.5,Returnable,1
676,morbi,Bergnaum-Schmidt,Sports & Outdoors,100,1.84,Returnable,5
677,nulla elit,Fahey Group,Books,92,1.79,Not Returnable,-
678,id justo sit,"Cormier, Parisian and Gutkowski",Beauty & Personal Care,2,4.87,Not Returnable,-
679,ut massa quis,"Gaylord, Crooks and Rau",Home & Kitchen,8,1.61,Returnable,4
680,orci eget,Leannon-Nader,Clothing,51,4.23,Returnable,17
681,nulla,Mayer and Sons,Clothing,38,3.59,Returnable,9
682,ullamcorper,Leuschke-Torphy,Shoes and Jewelry,38,3.03,Returnable,3
683,adipiscing,"Daugherty, Volkman and Kreiger",Computers,54,2.16,Returnable,7
684,proin,"Gutkowski, Jast and Koepp",Appliances,59,0.33,Returnable,5
685,aliquet ultrices erat,Gislason-Haag,Electronics,63,4.14,Returnable,12
686,eleifend,"Hettinger, Stokes and Ortiz",Health,69,3.61,Returnable,9
687,tortor id nulla,Schowalter-Feeney,Clothing,40,4.76,Returnable,15
688,orci luctus,Effertz Inc,Electronics,79,3.95,Not Returnable,-
689,in purus eu,"Streich, Brekke and Sanford",Industrial & Scientific,90,4.88,Returnable,18
690,ipsum primis in,Konopelski Inc,Industrial & Scientific,0,4.21,Returnable,9
691,quam sapien,"Daniel, Hammes and Conn",Shoes and Jewelry,84,1.29,Returnable,12
692,a nibh,"Macejkovic, Farrell and Boyer",Sports & Outdoors,55,4.08,Returnable,17
693,vel,Klein Group,Health,20,3.54,Not Returnable,-
694,in,Jones-Huels,Appliances,76,2.73,Returnable,8
695,id,"Schimmel, Larson and Hintz",Books,52,1.58,Not Returnable,-
696,congue elementum,Christiansen-Nader,Shoes and Jewelry,19,2.16,Returnable,3
697,libero non,Blick Group,Clothing,90,3.97,Not Returnable,-
698,euismod,Bashirian LLC,Household & Baby Care,97,0.6,Returnable,3
699,odio elementum,"Huel, Brekke and Harvey",Grocery & Gourmet Food,69,0.89,Returnable,11
700,erat volutpat in,"Lynch, Wunsch and Boyle",Grocery & Gourmet Food,31,2.14,Returnable,20
701,phasellus,Kutch-Daugherty,Home & Kitchen,43,4.23,Exchange-Only,2
702,sit amet consectetuer,"Abshire, Deckow and Hauck",Shoes and Jewelry,15,1.54,Not Returnable,-
703,praesent id massa,"Gutmann, VonRueden and Sauer",Shoes and Jewelry,83,4.91,Returnable,20
704,curabitur convallis duis,McDermott and Sons,Garden & Outdoor,39,3.13,Returnable,11
705,est,Nikolaus-Cruickshank,Home & Kitchen,6,4.02,Returnable,2
706,faucibus orci luctus,Effertz Group,Computers,86,2.16,Returnable,15
707,mattis odio donec,Gusikowski Inc,Household & Baby Care,91,2.42,Returnable,7
708,a,Donnelly-Terry,Garden & Outdoor,85,3.54,Not Returnable,-
709,amet diam in,Effertz-Bernhard,Industrial & Scientific,9,2.4,Exchange-Only,1
710,turpis,Gerhold-Wisoky,Garden & Outdoor,38,4.72,Returnable,9
711,morbi sem,Goyette-Reinger,Garden & Outdoor,40,4.6,Returnable,1
712,nisi at,Langworth LLC,Toys & Games,65,2.28,Returnable,5
713,ligula pellentesque ultrices,"Gutmann, Lindgren and Kreiger",Computers,75,2.02,Returnable,11
714,nec,Kohler-Heaney,Health,55,1.66,Returnable,6
715,dis,"Lubowitz, Gleason and O'Hara",Toys & Games,63,4.86,Returnable,17
716,ligula suspendisse ornare,"Waters, Stark and Robel",Sports & Outdoors,37,4.4,Returnable,5
717,vel dapibus at,"Runolfsson, Purdy and Wintheiser",Cell Phones & Accessories,69,0.98,Returnable,10
718,eget tincidunt eget,"Greenholt, Greenholt and Conn",Grocery & Gourmet Food,95,2.36,Not Returnable,-
719,eu tincidunt,Lebsack-Mraz,Cell Phones & Accessories,64,4.32,Returnable,2
720,sapien in sapien,Donnelly-Casper,Electronics,40,2.22,Exchange-Only,5
721,purus,Kertzmann-Kilback,Industrial & Scientific,46,3.26,Returnable,13
722,interdum eu tincidunt,Macejkovic-Hessel,Beauty & Personal Care,66,4.84,Returnable,5
723,aliquam lacus morbi,Boyle-Rodriguez,Garden & Outdoor,40,3.88,Returnable,14
724,quam nec,Kuphal-Thompson,Household & Baby Care,3,2.13,Returnable,12
725,nam dui proin,King-Smith,Toys & Games,44,4.09,Returnable,7
726,sed,"Weimann, Hackett and Murazik",Shoes and Jewelry,21,2.14,Not Returnable,-
727,pellentesque volutpat dui,Hirthe and Sons,Toys & Games,96,3.61,Returnable,20
728,velit donec,Jakubowski LLC,Shoes and Jewelry,52,4.72,Returnable,11
729,nibh,"Lehner, Purdy and Brekke",Books,20,4.58,Returnable,18
730,curabitur in,"Herzog, Reinger and Brakus",Appliances,55,4.89,Not Returnable,-
731,erat eros,Crist Group,Clothing,13,0.06,Returnable,8
732,aliquet at feugiat,Lesch LLC,Health,44,4.82,Not Returnable,-
733,mauris ullamcorper,Rath LLC,Industrial & Scientific,66,2.03,Returnable,17
734,massa tempor,Feil Inc,Shoes and Jewelry,1,3.98,Not Returnable,-
735,lorem,Pacocha-Spinka,Health,53,4.32,Returnable,2
736,cum,Bernhard-Nikolaus,Household & Baby Care,53,1.03,Returnable,7
737,placerat ante,Jerde Inc,Clothing,34,2.26,Returnable,19
738,consequat dui,"Morar, Leffler and Stehr",Beauty & Personal Care,21,2.44,Returnable,18
739,leo,"Dicki, VonRueden and Konopelski",Health,3,3.7,Not Returnable,-
740,nulla pede ullamcorper,"McLaughlin, Rice and Bauch",Toys & Games,77,4.08,Returnable,15
741,at,"Bednar, Collins and Nitzsche",Electronics,34,2.75,Returnable,19
742,sagittis,"Tromp, Heller and Lakin",Home & Kitchen,11,3.05,Returnable,15
743,tempor,Weimann-Herman,Beauty & Personal Care,14,3.69,Returnable,18
744,nunc proin at,"Jacobi, Welch and Baumbach",Books,25,2.04,Returnable,15
745,volutpat,"Breitenberg, Koepp and Kutch",Home & Kitchen,68,3.01,Exchange-Only,4
746,aenean fermentum,Brown-Lesch,Home & Kitchen,83,3.63,Not Returnable,-
747,massa id nisl,"Wiza, Miller and Kunde",Industrial & Scientific,94,3.07,Returnable,4
748,ligula,"Bartell, Wiza and Wehner",Beauty & Personal Care,50,0.93,Returnable,16
749,fusce lacus,"D'Amore, Kub and Heidenreich",Household & Baby Care,18,3.63,Returnable,8
750,integer non velit,Hills-Hudson,Appliances,56,2.12,Returnable,1
751,magna,Stiedemann LLC,Sports & Outdoors,21,4.01,Returnable,16
752,adipiscing molestie hendrerit,Gulgowski LLC,Appliances,15,2.37,Not Returnable,-
753,quam suspendisse potenti,"Schulist, Terry and Johns",Clothing,75,4.5,Returnable,17
754,pede justo lacinia,Lebsack and Sons,Clothing,85,2.04,Returnable,18
755,morbi odio odio,"Nolan, Yost and Torphy",Home & Kitchen,3,4.57,Returnable,20
756,adipiscing,Strosin and Sons,Home & Kitchen,25,2.54,Exchange-Only,8
757,morbi sem,Ratke Group,Health,54,0.49,Not Returnable,-
758,mauris lacinia,Gislason-Collins,Shoes and Jewelry,38,2.83,Returnable,7
759,orci luctus et,Dietrich and Sons,Industrial & Scientific,74,4.02,Returnable,1
760,id,Sipes-Wuckert,Computers,61,2.17,Returnable,8
761,nibh,Lemke-Zboncak,Household & Baby Care,32,3.96,Returnable,7
762,eleifend donec,Kutch Group,Clothing,68,4.06,Returnable,6
763,sem praesent,"Wiza, Olson and Fisher",Sports & Outdoors,27,3.78,Returnable,8
764,vestibulum,Harvey and Sons,Clothing,80,4.15,Returnable,5
765,pulvinar sed,Morar-Conn,Beauty & Personal Care,11,4.08,Not Returnable,-
766,viverra eget,Funk Inc,Sports & Outdoors,11,4.47,Exchange-Only,11
767,cursus id,"Kerluke, McGlynn and Olson",Grocery & Gourmet Food,2,3.85,Returnable,1
768,rhoncus aliquet pulvinar,Stamm LLC,Toys & Games,60,3.0,Not Returnable,-
769,sit,Smith-Konopelski,Beauty & Personal Care,12,3.68,Returnable,1
770,non quam,"Jacobs, Leannon and Morar",Shoes and Jewelry,79,2.06,Not Returnable,-
771,non,Glover Inc,Computers,71,2.61,Returnable,4
772,lectus,Abernathy Inc,Electronics,89,4.15,Exchange-Only,11
773,vel,"Buckridge, Rohan and Bins",Computers,38,0.45,Returnable,11
774,non quam,"Funk, Dooley and Gaylord",Garden & Outdoor,48,4.6,Returnable,17
775,pellentesque quisque,"Graham, Larson and Bruen",Health,49,1.88,Returnable,1
776,nulla dapibus,"Botsford, Schowalter and Okuneva",Toys & Games,31,4.93,Not Returnable,-
777,tempus vel pede,Kautzer Group,Books,77,3.54,Returnable,1
778,libero ut massa,Luettgen Inc,Industrial & Scientific,1,1.3,Returnable,5
779,ut,"Kohler, Treutel and Sipes",Toys & Games,83,2.96,Returnable,12
780,at nibh in,Turner-Stehr,Electronics,76,3.77,Returnable,4
781,maecenas tincidunt lacus,Swift-Rice,Home & Kitchen,91,4.66,Exchange-Only,19
782,ac lobortis vel,Witting and Sons,Household & Baby Care,7,2.35,Returnable,16
783,eget tincidunt,"Stoltenberg, Gerlach and Auer",Beauty & Personal Care,8,4.66,Not Returnable,-
784,massa,"Beahan, Goodwin and Dibbert",Industrial & Scientific,32,4.98,Returnable,15
785,lectus suspendisse potenti,Yost-Ernser,Cell Phones & Accessories,91,3.62,Returnable,9
786,lorem id,Homenick LLC,Shoes and Jewelry,9,4.9,Not Returnable,-
787,curabitur gravida,Collins-Langosh,Industrial & Scientific,50,3.05,Returnable,16
788,cras pellentesque,"Wintheiser, Braun and Davis",Electronics,93,5.0,Returnable,2
789,hac habitasse,Murphy Inc,Computers,43,1.07,Exchange-Only,15
790,luctus ultricies eu,Breitenberg LLC,Beauty & Personal Care,57,3.74,Returnable,13
791,ligula in lacus,Kovacek LLC,Garden & Outdoor,26,4.7,Returnable,9
792,libero,Batz Group,Cell Phones & Accessories,33,3.63,Returnable,5
793,cras,Donnelly Inc,Toys & Games,46,2.83,Returnable,9
794,aliquet,"Schmidt, Harris and Brown",Garden & Outdoor,19,4.37,Returnable,14
795,turpis nec euismod,Green-Bailey,Books,84,3.54,Not Returnable,-
796,turpis integer,Schmitt-Hermann,Toys & Games,1,2.54,Not Returnable,-
797,ut nulla sed,"Nader, Spinka and Becker",Sports & Outdoors,59,2.34,Returnable,16
798,in quis justo,Rath and Sons,Electronics,32,3.05,Returnable,10
799,nulla,Quitzon Inc,Household & Baby Care,37,1.29,Returnable,11
800,feugiat non pretium,Gottlieb-Pouros,Cell Phones & Accessories,41,2.49,Returnable,4
801,donec,Leannon-Herzog,Grocery & Gourmet Food,68,4.79,Returnable,5
802,amet diam in,Collier and Sons,Sports & Outdoors,89,4.82,Returnable,17
803,sed,"Hand, Senger and Gleichner",Shoes and Jewelry,46,0.08,Not Returnable,-
804,volutpat convallis morbi,"Marvin, Abernathy and Goodwin",Sports & Outdoors,49,3.15,Returnable,6
805,ipsum primis in,Reilly Group,Beauty & Personal Care,23,1.43,Returnable,5
806,amet lobortis sapien,Botsford-Rippin,Electronics,45,2.87,Returnable,16
807,luctus et,"Wilkinson, Runolfsson and Jakubowski",Garden & Outdoor,56,3.77,Returnable,15
808,maecenas,Feeney LLC,Household & Baby Care,86,4.94,Returnable,12
809,vivamus,"Mertz, Osinski and Romaguera",Industrial & Scientific,3,3.55,Not Returnable,-
810,porttitor,Marvin-Torphy,Clothing,82,2.81,Not Returnable,-
811,neque duis bibendum,Heller Group,Books,57,3.71,Returnable,11
812,ullamcorper purus,Hyatt and Sons,Computers,56,3.54,Not Returnable,-
813,vestibulum,Rutherford Inc,Health,73,3.6,Returnable,2
814,etiam,Schinner LLC,Beauty & Personal Care,14,2.87,Returnable,8
815,est quam pharetra,"Heidenreich, Little and Purdy",Sports & Outdoors,76,4.55,Returnable,8
816,enim blandit,Schuppe LLC,Sports & Outdoors,64,3.55,Returnable,14
817,lacus,Renner and Sons,Beauty & Personal Care,16,3.77,Not Returnable,-
818,lobortis vel dapibus,"Schneider, Williamson and Lind",Grocery & Gourmet Food,73,2.86,Returnable,19
819,ac tellus,Gerlach Inc,Computers,1,4.83,Returnable,19
820,rhoncus dui,Paucek-Kutch,Grocery & Gourmet Food,14,4.68,Returnable,3
821,felis fusce,Crist-Farrell,Health,9,2.36,Not Returnable,-
822,metus sapien ut,Reilly-Bednar,Shoes and Jewelry,30,3.03,Exchange-Only,13
823,nisi,Gerhold and Sons,Health,16,4.05,Returnable,9
824,gravida nisi at,Hahn Group,Garden & Outdoor,22,4.82,Returnable,13
825,nisl duis ac,"Rippin, Dickinson and Boyle",Garden & Outdoor,13,3.89,Returnable,3
826,consequat varius integer,"Johnson, Grady and Gleason",Electronics,19,4.95,Returnable,2
827,nonummy maecenas,"Zemlak, Pouros and Lesch",Grocery & Gourmet Food,86,4.77,Returnable,7
828,turpis,Schamberger Group,Appliances,19,2.08,Not Returnable,-
829,proin,Oberbrunner and Sons,Health,50,4.25,Returnable,6
830,purus sit amet,Marks LLC,Home & Kitchen,89,0.16,Returnable,20
831,vel lectus in,Hettinger Group,Computers,95,1.08,Returnable,14
832,eu nibh quisque,Shanahan-Becker,Shoes and Jewelry,64,3.35,Not Returnable,-
833,a libero,"Becker, Smitham and Kovacek",Shoes and Jewelry,48,0.59,Not Returnable,-
834,sit amet,Goldner Inc,Appliances,87,2.28,Exchange-Only,4
835,id luctus,Denesik LLC,Household & Baby Care,63,3.33,Not Returnable,-
836,nam,Hermann-Jacobson,Books,97,4.9,Not Returnable,-
837,mi,Terry LLC,Clothing,0,4.53,Returnable,2
838,convallis duis consequat,Jones-Wilderman,Computers,33,0.51,Returnable,3
839,luctus rutrum,Conn LLC,Home & Kitchen,57,3.01,Not Returnable,-
840,sit amet diam,Bashirian-Little,Grocery & Gourmet Food,99,2.9,Returnable,6
841,pede,MacGyver-Cremin,Home & Kitchen,1,3.35,Not Returnable,-
842,sapien placerat,Jacobson-Gutkowski,Garden & Outdoor,45,4.06,Returnable,6
843,eu est congue,Russel LLC,Appliances,93,3.28,Returnable,7
844,sollicitudin,McDermott-Kirlin,Industrial & Scientific,68,4.79,Not Returnable,-
845,suscipit nulla elit,"O'Connell, Tillman and Harris",Toys & Games,22,0.92,Returnable,11
846,ante,Miller and Sons,Computers,18,0.36,Not Returnable,-
847,maecenas,"Schiller, Ritchie and Wilkinson",Grocery & Gourmet Food,2,2.56,Returnable,19
848,ipsum aliquam non,"Boehm, Nienow and Jerde",Shoes and Jewelry,22,3.77,Returnable,18
849,convallis eget,"McCullough, Ondricka and Mayer",Clothing,42,4.35,Returnable,7
850,eget,Daugherty-Schowalter,Computers,66,4.81,Not Returnable,-
851,sapien placerat,Effertz Group,Grocery & Gourmet Food,0,4.93,Not Returnable,-
852,nulla,"Denesik, Schimmel and Leffler",Grocery & Gourmet Food,19,1.22,Returnable,3
853,luctus et,Hansen LLC,Cell Phones & Accessories,74,0.02,Returnable,20
854,erat,Hoppe LLC,Home & Kitchen,42,4.11,Returnable,6
855,vel nulla eget,Bartell-Will,Clothing,2,4.95,Not Returnable,-
856,sagittis dui vel,Bayer-Erdman,Electronics,66,2.01,Not Returnable,-
857,aliquam non,Lebsack Group,Cell Phones & Accessories,27,4.88,Not Returnable,-
858,libero nam dui,"Stehr, Grant and Borer",Books,8,3.95,Returnable,18
859,hac,Frami-Kohler,Clothing,39,0.79,Returnable,20
860,sed vestibulum sit,Jenkins Group,Computers,82,2.19,Not Returnable,-
861,lacinia,Boyle and Sons,Toys & Games,17,0.53,Returnable,19
862,non pretium quis,Reinger LLC,Books,90,4.66,Returnable,6
863,lorem ipsum,"Luettgen, Goyette and Anderson",Home & Kitchen,84,3.57,Not Returnable,-
864,sed tristique in,"Maggio, Moore and Hermiston",Toys & Games,50,4.25,Returnable,16
865,sapien dignissim vestibulum,Shanahan-Heller,Health,89,1.27,Returnable,17
866,ut,Schumm Group,Toys & Games,6,0.84,Returnable,7
867,habitasse platea,Schaefer Group,Toys & Games,84,0.77,Returnable,14
868,pellentesque,"Funk, Turner and Kozey",Shoes and Jewelry,26,3.12,Returnable,15
869,morbi,"Swift, Olson and Leuschke",Toys & Games,79,1.56,Returnable,9
870,vulputate,Gulgowski LLC,Computers,25,2.41,Returnable,6
871,blandit,"Hand, Robel and VonRueden",Health,33,4.58,Returnable,2
872,nunc viverra,Jerde Group,Home & Kitchen,70,4.02,Not Returnable,-
873,lectus vestibulum quam,"Ankunding, Morar and Leannon",Computers,9,3.74,Returnable,20
874,fringilla rhoncus,Weber Inc,Sports & Outdoors,14,2.47,Returnable,6
875,dui,Kiehn and Sons,Health,30,4.42,Returnable,16
876,elementum nullam,Hettinger-Crist,Toys & Games,0,2.3,Returnable,13
877,nulla ultrices aliquet,"Harber, Thompson and Block",Home & Kitchen,53,1.53,Returnable,9
878,in,Spinka-Jenkins,Garden & Outdoor,85,2.8,Not Returnable,-
879,ac leo pellentesque,"Stiedemann, Smith and Yundt",Sports & Outdoors,50,2.41,Returnable,3
880,blandit mi in,Schmitt-Stark,Computers,43,4.08,Not Returnable,-
881,convallis nunc proin,"Murphy, Green and Upton",Cell Phones & Accessories,18,4.7,Returnable,7
882,congue diam,Nienow Inc,Appliances,48,0.85,Returnable,20
883,lacus morbi,Lueilwitz-Hartmann,Appliances,75,3.28,Not Returnable,-
884,fermentum justo,"Nicolas, Beahan and Olson",Household & Baby Care,66,3.59,Returnable,20
885,pretium iaculis,Mueller Inc,Household & Baby Care,55,4.84,Returnable,18
886,nulla eget eros,"Bruen, Raynor and Harris",Sports & Outdoors,91,0.26,Returnable,9
887,leo,Goldner and Sons,Cell Phones & Accessories,60,3.84,Not Returnable,-
888,tincidunt in,Hoeger Inc,Household & Baby Care,66,4.92,Returnable,15
889,imperdiet nullam,Steuber and Sons,Shoes and Jewelry,40,0.42,Returnable,12
890,sed vestibulum sit,Welch and Sons,Computers,93,3.27,Returnable,14
891,est et,Harvey-Quigley,Health,80,4.75,Not Returnable,-
892,imperdiet nullam,Schumm-Greenholt,Household & Baby Care,1,3.12,Returnable,2
893,sapien,"Will, Bayer and Jerde",Household & Baby Care,61,3.87,Returnable,2
894,venenatis lacinia aenean,"Wuckert, Nolan and Braun",Household & Baby Care,33,0.81,Returnable,15
895,lorem ipsum,Pouros LLC,Industrial & Scientific,87,0.91,Returnable,18
896,viverra,Ernser-Glover,Toys & Games,67,1.24,Not Returnable,-
897,hac habitasse,Buckridge and Sons,Books,58,4.5,Exchange-Only,14
898,nulla elit ac,Cremin-Langworth,Clothing,62,4.51,Returnable,6
899,vestibulum,Brekke-Koss,Household & Baby Care,58,2.67,Returnable,3
900,nulla tellus in,Fahey Group,Health,38,3.59,Exchange-Only,17
901,pharetra magna ac,Dicki-Kunde,Books,49,0.7,Returnable,18
902,egestas metus aenean,Stamm Inc,Computers,78,3.5,Returnable,20
903,iaculis congue vivamus,"Sanford, Hilll and Kuphal",Clothing,44,4.05,Returnable,3
904,natoque penatibus et,"Wiegand, Bechtelar and Flatley",Grocery & Gourmet Food,37,3.22,Not Returnable,-
905,non,Krajcik LLC,Shoes and Jewelry,26,0.9,Not Returnable,-
906,tristique,Moore Group,Home & Kitchen,58,2.52,Returnable,6
907,viverra pede,Stehr LLC,Beauty & Personal Care,71,2.19,Not Returnable,-
908,nam nulla,Borer Group,Computers,37,4.6,Not Returnable,-
909,sed,Wiegand and Sons,Garden & Outdoor,14,4.22,Returnable,4
910,lorem ipsum dolor,Bartoletti-Gerlach,Beauty & Personal Care,81,3.06,Returnable,4
911,risus auctor,"Schultz, Schmeler and Kulas",Electronics,31,3.39,Returnable,1
912,felis,"Swaniawski, Quitzon and Tremblay",Toys & Games,11,3.58,Not Returnable,-
913,ultrices mattis,Weber-Bogisich,Beauty & Personal Care,58,0.42,Returnable,16
914,platea dictumst aliquam,Rowe-Flatley,Electronics,48,4.26,Returnable,15
915,sed vel enim,Cummings Inc,Beauty & Personal Care,78,4.97,Returnable,14
916,in congue etiam,"Carroll, Morissette and Connelly",Garden & Outdoor,67,3.66,Returnable,3
917,tristique fusce congue,"Kohler, Stroman and Feeney",Shoes and Jewelry,14,0.48,Returnable,5
918,faucibus cursus urna,"Borer, Klocko and Schowalter",Household & Baby Care,14,0.42,Returnable,3
919,lectus,Schmitt LLC,Garden & Outdoor,52,4.2,Returnable,2
920,non,Rippin-Rodriguez,Household & Baby Care,21,1.01,Returnable,10
921,pretium nisl ut,"Considine, Morar and Bailey",Toys & Games,9,4.57,Returnable,5
922,odio odio elementum,Grant-Rath,Electronics,4,3.38,Not Returnable,-
923,sed ante vivamus,VonRueden-Friesen,Beauty & Personal Care,41,2.67,Returnable,5
924,penatibus et magnis,Volkman-Hackett,Appliances,61,3.9,Returnable,2
925,ut suscipit,"Hoppe, Rogahn and Veum",Grocery & Gourmet Food,43,4.9,Not Returnable,-
926,justo,Cremin Group,Health,27,3.32,Returnable,13
927,ipsum,Tillman-Quitzon,Sports & Outdoors,1,1.9,Returnable,1
928,non quam,Keebler Group,Cell Phones & Accessories,44,3.2,Exchange-Only,14
929,et,"Gusikowski, Pfannerstill and Beer",Household & Baby Care,1,1.45,Returnable,9
930,quis,"Padberg, Donnelly and Schaden",Appliances,13,3.61,Exchange-Only,14
931,amet sem,Lakin-Williamson,Electronics,98,3.24,Returnable,12
932,montes nascetur ridiculus,"Donnelly, McDermott and Abshire",Cell Phones & Accessories,70,2.63,Returnable,20
933,ac,"Beier, Okuneva and DuBuque",Electronics,66,2.61,Returnable,13
934,congue eget semper,Wisoky-Treutel,Grocery & Gourmet Food,95,2.42,Returnable,19
935,commodo placerat praesent,"Krajcik, Lindgren and Ward",Home & Kitchen,15,2.89,Returnable,11
936,rutrum neque aenean,"Ryan, Fadel and Heller",Computers,7,3.91,Returnable,12
937,quam,Bartell-Schaden,Appliances,73,2.36,Returnable,9
938,vel augue vestibulum,Crona and Sons,Sports & Outdoors,97,4.8,Not Returnable,-
939,tortor duis mattis,Gaylord-Wehner,Books,69,3.11,Returnable,12
940,risus dapibus augue,"Kozey, Williamson and Koepp",Beauty & Personal Care,65,4.53,Not Returnable,-
941,erat,VonRueden Inc,Toys & Games,7,2.12,Not Returnable,-
942,semper,Veum Group,Computers,25,4.58,Returnable,6
943,nec nisi vulputate,"Kris, Goyette and Vandervort",Beauty & Personal Care,97,4.38,Exchange-Only,20
944,et commodo vulputate,Kemmer Group,Computers,85,2.93,Returnable,8
945,etiam pretium,Moore Inc,Toys & Games,64,1.16,Returnable,19
946,aenean,Hahn Group,Sports & Outdoors,41,2.2,Not Returnable,-
947,vel,Halvorson-Runolfsson,Grocery & Gourmet Food,97,2.53,Returnable,15
948,convallis,Howe and Sons,Household & Baby Care,16,4.1,Exchange-Only,16
949,morbi vestibulum,Kautzer LLC,Clothing,66,4.0,Not Returnable,-
950,venenatis,"Purdy, Vandervort and Lang",Beauty & Personal Care,68,4.81,Returnable,3
951,integer,Gusikowski Inc,Garden & Outdoor,15,2.72,Returnable,3
952,lobortis,DuBuque-Kautzer,Health,26,0.04,Returnable,2
953,nunc vestibulum,"Schultz, Graham and Swift",Computers,11,4.82,Not Returnable,-
954,ligula,Shanahan Inc,Shoes and Jewelry,66,0.29,Returnable,18
955,et magnis dis,"Legros, Larson and Hilll",Household & Baby Care,37,2.65,Returnable,6
956,odio donec vitae,Quitzon and Sons,Computers,33,4.58,Returnable,12
957,vestibulum eget vulputate,Quitzon LLC,Electronics,56,4.2,Not Returnable,-
958,interdum,"Quitzon, Champlin and Harber",Household & Baby Care,79,2.38,Returnable,10
959,pulvinar sed,Brown Group,Toys & Games,13,4.27,Returnable,7
960,imperdiet sapien urna,Witting-Grady,Industrial & Scientific,53,4.54,Not Returnable,-
961,ac,"Schumm, Pollich and Prosacco",Sports & Outdoors,14,3.04,Returnable,6
962,morbi non,Brakus Inc,Industrial & Scientific,7,3.84,Returnable,13
963,nonummy maecenas,Johns-Hettinger,Household & Baby Care,96,2.73,Returnable,15
964,cras mi,"Torp, Gleichner and Robel",Household & Baby Care,89,3.33,Returnable,1
965,lobortis convallis tortor,Harber Group,Grocery & Gourmet Food,21,4.39,Exchange-Only,19
966,lorem quisque,Ernser Group,Beauty & Personal Care,48,1.61,Returnable,6
967,dictumst,Mayer Inc,Clothing,32,3.23,Returnable,11
968,aliquet,Fisher Group,Industrial & Scientific,31,4.65,Not Returnable,-
969,cum sociis natoque,"Kunde, Ritchie and Zboncak",Beauty & Personal Care,76,1.36,Not Returnable,-
970,platea,Feeney-Bechtelar,Appliances,15,0.34,Returnable,18
971,convallis eget eleifend,"Mueller, Boehm and Turner",Toys & Games,13,4.6,Returnable,20
972,ut dolor morbi,Schaden-Marvin,Computers,28,4.41,Not Returnable,-
973,vestibulum vestibulum ante,"Schneider, Johnson and Von",Sports & Outdoors,87,4.55,Not Returnable,-
974,augue a suscipit,"McCullough, Kutch and Klocko",Shoes and Jewelry,12,2.65,Not Returnable,-
975,ligula pellentesque,"Schumm, McGlynn and Orn",Grocery & Gourmet Food,71,1.17,Exchange-Only,7
976,lorem ipsum dolor,Blick-Hegmann,Computers,45,1.85,Returnable,8
977,volutpat in congue,"Barrows, Kiehn and Luettgen",Household & Baby Care,93,1.8,Not Returnable,-
978,pellentesque viverra,Towne LLC,Sports & Outdoors,74,2.4,Returnable,20
979,a pede posuere,Johns and Sons,Home & Kitchen,64,4.13,Not Returnable,-
980,dictumst,Harvey LLC,Home & Kitchen,65,4.1,Returnable,8
981,pellentesque ultrices,Hackett Group,Industrial & Scientific,46,4.92,Returnable,5
982,tristique,Prohaska-Walker,Appliances,77,4.26,Returnable,10
983,at diam nam,Turner-Padberg,Books,81,4.7,Exchange-Only,8
984,cubilia curae,Johnston-Hayes,Electronics,53,4.56,Not Returnable,-
985,hac habitasse platea,"Smitham, Pfeffer and Gottlieb",Beauty & Personal Care,66,2.87,Returnable,13
986,adipiscing lorem,Hermiston-Ortiz,Computers,72,4.36,Returnable,13
987,sapien iaculis,"Rau, Swift and Pfannerstill",Beauty & Personal Care,8,2.68,Returnable,20
988,duis at velit,"Terry, Zieme and Haag",Sports & Outdoors,49,2.78,Returnable,16
989,luctus et ultrices,"Mueller, Schamberger and Kunde",Sports & Outdoors,42,3.61,Returnable,14
990,eget,"Emard, Padberg and O'Kon",Toys & Games,63,4.13,Returnable,14
991,dui,Nader-Ryan,Industrial & Scientific,36,2.11,Not Returnable,-
992,dui,O'Conner and Sons,Shoes and Jewelry,85,0.43,Returnable,11
993,velit eu est,Schaden-Ortiz,Shoes and Jewelry,62,2.11,Returnable,20
994,id mauris vulputate,Stehr Group,Sports & Outdoors,93,4.67,Returnable,13
995,elit,"Breitenberg, Wyman and Konopelski",Clothing,78,4.61,Returnable,14
996,sit,Runolfsson and Sons,Sports & Outdoors,50,2.91,Returnable,14
997,odio curabitur convallis,Cole and Sons,Shoes and Jewelry,54,2.31,Not Returnable,-
998,ultrices,Collier-Lebsack,Sports & Outdoors,65,3.16,Returnable,8
999,sed augue,"Bruen, Becker and Kunze",Garden & Outdoor,57,3.66,Returnable,16
1000,habitasse,Dare-Conn,Books,98,2.23,Returnable,10
1001,PortalHun,sghsdghgdsh,Electronics,Not Returnable,99.0,5.0,-
